,name,album,artist,release_date,length,popularity,danceability,acousticness,danceability,energy,instrumentalness,liveness,loudness,speechiness,tempo,time_signature
0,Moments In Love,(Who's Afraid Of) The Art Of Noise? [Remastered],The Art Of Noise,1984-06-19,615693,50,0.696,0.28,0.696,0.234,0.0511,0.311,-14.991,0.112,138.118,4
1,Camino Del Sol,Camino Del Sol,Antena,2004-03-01,222680,38,0.513,0.717,0.513,0.466,0.68,0.103,-16.49,0.0465,168.378,4
2,Nipple To The Bottle,The Collection,Grace Jones,2004-01-01,351986,13,0.871,0.00649,0.871,0.692,0.0638,0.0693,-9.666,0.095,102.233,4
3,Lullaby - Extended Mix,Mixed Up,The Cure,1990-10-09,465066,19,0.667,0.0532,0.667,0.525,0.621,0.0366,-13.872,0.044,93.891,4
4,Music For A Found Harmonium - 2008 Digital Remaster,Broadcasting From Home,Penguin Cafe Orchestra,1984,219733,40,0.382,0.915,0.382,0.225,0.921,0.05,-12.962,0.0459,97.045,4
5,Josephine - French Edit,The Works,Chris Rea,2007-11-10,428234,39,0.724,0.018,0.724,0.489,0.108,0.101,-12.253,0.0311,110.069,4
6,Walking In The Rain,Collection,Flash and the Pan,1995-01-01,208933,39,0.576,0.914,0.576,0.175,0.14,0.111,-16.024,0.0412,117.57,4
7,No G.D.M.,Nice Mover,Gina X Performance,1979,357040,36,0.774,0.0469,0.774,0.396,0.0103,0.211,-12.041,0.0388,110.297,4
8,Going Back to My Roots,Connections,Richie Havens,1980,303573,46,0.669,0.396,0.669,0.816,0.0383,0.162,-10.759,0.0336,120.39,4
9,Sueno Latino - Paradise Version,Sueno Latino,Sueño Latino,1989-01-01,634893,36,0.663,0.0314,0.663,0.741,0.769,0.8,-14.142,0.0525,117.985,4
10,T.V. Scene - Sensurround Mix,T.V. Scene (Sensurround Mix),Linda Di Franco,2019-07-05,438408,28,0.725,0.271,0.725,0.375,0.78,0.0372,-17.581,0.0679,95.531,4
11,Stop Bajon,Il Meglio di Tullio De Piscopo,Tullio De Piscopo,1999-07-01,308013,40,0.743,0.0473,0.743,0.745,0.00292,0.0728,-8.04,0.0443,103.974,4
12,Promised Land,Promised Land,Joe Smooth,1988-12-11,331706,52,0.718,0.0026,0.718,0.93,0.0176,0.0363,-4.532,0.038,128.736,4
13,Barefoot in the Head,The Apple,A Man Called Adam,1991-11-13,432772,36,0.644,0.141,0.644,0.794,0.317,0.721,-12.97,0.0551,121.056,4
14,Kaw-Liga,Stars and Hank Forever,The Residents,1986-01-01,293306,24,0.81,0.0176,0.81,0.478,0.549,0.127,-14.052,0.0328,117.941,4
15,State of Independence,Donna Summer,Donna Summer,1982-07-19,351493,32,0.749,0.181,0.749,0.699,0.0949,0.0594,-8.683,0.138,169.522,4
16,"Why - 12"" Version",Soup for One (Original Motion Picture Soundtrack),Various Artists,1982-01-01,493989,40,0.676,0.00576,0.676,0.861,0.00916,0.02,-8.991,0.0537,92.361,4
17,Hoomba-Hoomba,Hoomba-Hoomba,Jasper van't Hofs Pili Pili,1995-10-25,910333,11,0.695,0.126,0.695,0.601,0.703,0.0585,-12.129,0.0548,91.311,4
18,Driving Away From Home (Jim's Tune),Life's Hard And Then You Die,It's Immaterial,1986-01-01,253133,41,0.592,0.035,0.592,0.735,0.257,0.344,-14.232,0.0405,111.964,4
19,I Just Can't Wait,Mandy (Special Edition),Mandy Smith,1988-04,205573,27,0.771,0.308,0.771,0.95,3.61e-05,0.277,-3.995,0.0319,114.122,4
20,Smokebelch II,Sabresonic II,The Sabres Of Paradise,1995-07-27,763640,24,0.544,0.00546,0.544,0.654,0.843,0.223,-10.846,0.036,127.894,4
21,Jibaro (Enrolle),Angeles y Demonios,Elkin & Nelson,1974-03-01,450185,0,0.481,0.15,0.481,0.962,0.0508,0.0872,-8.932,0.0916,107.657,4
22,Talking with Myself (12 Frankie Knuckles Mix),Talking With Myself - Remixes,Electribe 101,2007-01-01,418400,8,0.756,0.000834,0.756,0.64,0.782,0.0723,-17.036,0.0576,113.754,4
23,Every Kinda People,Double Fun,Robert Palmer,1978-01-01,198146,60,0.573,0.228,0.573,0.545,0.000169,0.0466,-12.636,0.0436,94.404,4
24,Southern Sun,Southern Sun / Ready Steady Go,Paul Oakenfold,2002-03-19,235426,33,0.552,0.175,0.552,0.74,0.0013,0.142,-9.854,0.0317,131.904,4
25,Adiós ayer,Navigator. 15th Anniversary Edition,José Padilla,2001,302506,45,0.612,0.0313,0.612,0.55,0.000358,0.0746,-11.53,0.0354,94.971,4
26,Hang On to Your Love - Long Version,Diamond Life,Sade,1984-07-16,353266,46,0.85,0.143,0.85,0.653,6.01e-05,0.0588,-7.788,0.0297,107.863,4
27,Rotation,Rise,Herb Alpert,1979-09-01,311413,0,0.826,0.237,0.826,0.469,0.944,0.0429,-13.957,0.0709,104.923,4
28,Get It Up For Love,Hard Candy,Ned Doheny,1976-12-02,281733,46,0.678,0.32,0.678,0.622,9.46e-05,0.0251,-10.824,0.0828,81.718,4
29,Wuub,Woob 1194,Woob,1994-07-01,579040,0,0.37,0.867,0.37,0.271,0.886,0.0518,-20.835,0.0361,149.817,4
30,Analogue Bubblebath,Classics,Aphex Twin,1995,286293,33,0.582,0.0867,0.582,0.658,0.928,0.252,-13.347,0.0392,124.364,4
31,Water From A Vine Leaf,Strange Cargo 3,William Orbit,1993-01-01,424760,30,0.598,0.0172,0.598,0.532,0.933,0.0588,-19.601,0.0391,101.598,4
32,Moon Plain,Late Night Tales Presents After Dark,Various Artists,2013-05-03,440410,7,0.751,0.0107,0.751,0.618,0.784,0.0831,-10.618,0.0475,109.005,4
33,Mosquito,Island,Ruf Dug,2015-08-14,190863,1,0.803,0.0108,0.803,0.895,0.92,0.0823,-7.825,0.0536,123.06,4
34,Lovehunter Dub,Versions,Idjut Boys,2015-08-28,280053,2,0.703,0.484,0.703,0.936,0.9,0.12,-11.214,0.0428,119.969,4
35,What About This Love? - Extended Version,What About This Love?,Mr. Fingers,1989-02-03,398349,19,0.692,0.0314,0.692,0.628,1.37e-06,0.0672,-11.246,0.0325,113.036,4
36,Let It Happen,Earth,Vangelis,1973,260399,0,0.349,0.699,0.349,0.492,0.012,0.434,-13.886,0.0465,106.053,4
37,Big Business,"The Complete Score From ""The Catherine Wheel""",David Byrne,1981-12-09,306200,14,0.669,0.116,0.669,0.747,0.621,0.707,-12.238,0.047,135.861,4
38,Lovelee Dae - Original,Lovelee Dae,Blaze,2011-04-04,456533,43,0.733,0.000506,0.733,0.634,0.798,0.0848,-9.395,0.0394,124.144,4
39,Sidi Mansour (Moving Still Edit),Sidi Mansour (Moving Still Edit),Cheba Yamina,2019-09-02,273000,28,0.727,0.000457,0.727,0.624,0.791,0.0803,-9.477,0.0459,120.042,4
40,Incapable - Extended Mix,Narcissus,Róisín Murphy,2019-11-08,505862,11,0.808,0.0229,0.808,0.471,0.00506,0.0612,-9.824,0.079,113.999,4
41,Blue Sunrise,Patchwork (Compiled by Sassy J),Sassy J,2019-12-13,318610,0,0.547,0.0648,0.547,0.617,0.792,0.062,-13.664,0.0359,105.01,4
42,Tank! - Luke Vibert Remix,COWBOY BEBOP Remixes Music for Freelance,Various Artists,1999-06-02,217066,25,0.691,0.0239,0.691,0.89,0.896,0.505,-4.728,0.0573,138.397,4
43,Today (feat. Sui Zhen) - I:Cube Mix,Lonely Planet Remixes,Tornado Wallace,2018-03-16,386796,12,0.772,0.341,0.772,0.655,0.754,0.0634,-8.582,0.0501,119.003,4
44,Paranoia,Welcome to Paradise (Italian Dream House 89-93) Vol. 1 & 2,Young Marco,2017-03-24,317534,16,0.746,0.0388,0.746,0.806,0.759,0.169,-7.457,0.0447,116.013,4
45,More Sugar,More Sugar,Physical Therapy,2017-05-09,338344,0,0.477,0.00856,0.477,0.585,0.185,0.0832,-12.636,0.0568,167.868,5
46,Make Time,Make Time,Shanti Celeste,2017-05-26,515754,30,0.804,0.318,0.804,0.679,0.931,0.102,-10.486,0.062,135.057,4
47,Fluenka Spoke,Dekmantel 10 Years 02,Various Artists,2017-04-14,540204,5,0.617,0.00188,0.617,0.928,0.369,0.0947,-8.631,0.0388,124.004,4
48,Lubricate Your Living-Room,Lubricate Your Living-Room,The Bionaut,2001-06-26,201506,0,0.716,0.0614,0.716,0.674,0.896,0.118,-15.568,0.0527,120.025,4
49,The Meaning of Love,Late Night Tales: BADBADNOTGOOD,BADBADNOTGOOD,2017-07-28,180293,0,0.404,0.595,0.404,0.34,0.637,0.0974,-15.869,0.0339,106.723,4
50,You Wanted a Hit,This Is Happening,LCD Soundsystem,2010-05-17,546413,42,0.968,0.00165,0.968,0.398,0.0013,0.0619,-10.293,0.102,125.996,4
51,Evan Finds the Third Room,Con Todo El Mundo,Khruangbin,2018-01-26,240742,51,0.781,0.00998,0.781,0.386,0.567,0.166,-9.974,0.0827,105.812,4
52,Paradise,Stronger Than Pride,Sade,1988-10-28,242240,0,0.598,0.128,0.598,0.663,0.34,0.073,-7.351,0.0515,199.236,4
53,Let It Go (with Marc E. Bassy) - Extended Mix,Let It Go (with Marc E. Bassy),Louie Vega,2020-07-10,458866,44,0.749,0.0107,0.749,0.78,0.46,0.0678,-8.028,0.0764,130.007,4
54,1980's,1980's EP,Fred Falke,2020-07-17,322566,22,0.701,0.000554,0.701,0.873,0.00101,0.136,-6.215,0.0513,118.026,4
55,As (part 1: Perspicacity),Gigantic Days,Ian O'Brien,1999-01-01,464373,4,0.621,0.0828,0.621,0.946,0.927,0.0748,-7.137,0.0377,100.899,4
56,Summertime Breeze,"Sceneries Not Songs, Volume 1",Larry Heard,1994-03-01,464066,37,0.756,0.00945,0.756,0.468,0.904,0.142,-11.698,0.0455,99.007,4
57,Steppin' Out,Night And Day,Joe Jackson,1982-01-01,262866,54,0.584,0.0366,0.584,0.474,0.000363,0.0518,-9.431,0.0296,160.173,4
58,Pandora (For Cindy),Treasure,Cocteau Twins,1984-11-01,335306,0,0.448,0.26,0.448,0.555,0.366,0.105,-9.919,0.0291,158.294,3
59,You Don't Fool Me - Remastered 2011,Made in Heaven (Deluxe Remastered Version),Queen,1995-11-06,324853,40,0.589,0.103,0.589,0.829,8.62e-05,0.381,-6.494,0.036,121.973,4
60,In The River - Dub Instrumental,Shake,iLEVEL,1985-01-01,313595,9,0.867,0.0414,0.867,0.53,0.276,0.0731,-13.609,0.0375,104.571,4
61,Early Till Late,Cantoma (Deluxe),Cantoma,2005,285893,21,0.328,0.985,0.328,0.0709,0.876,0.108,-21.161,0.0484,73.667,1
62,Nothing Looks the Same In the Light,Fantastic,Wham!,1983-07-09,356106,36,0.783,0.526,0.783,0.346,0.0235,0.105,-13.811,0.0379,98.798,4
63,24/7,Blue River (Remastered),Smith & Mudd,2019-04-05,272764,6,0.668,0.194,0.668,0.595,0.855,0.166,-11.887,0.03,99.989,4
64,Couldn't Love You More,One World,John Martyn,1967,187720,40,0.563,0.797,0.563,0.114,0.000176,0.0835,-18.602,0.0324,81.579,4
65,Some People,Always Guaranteed,Cliff Richard,1987,231560,51,0.725,0.243,0.725,0.519,0.000233,0.0729,-12.864,0.0338,109.99,4
66,Everybody Wants To Rule The World,Songs From The Big Chair (Super Deluxe Edition),Tears For Fears,1985-02-25,251488,81,0.645,0.347,0.645,0.795,0.00389,0.104,-12.095,0.0527,112.067,4
67,Finally,It's In the Lifestyle (Limited Edition),Kings Of Tomorrow,2000,315826,57,0.859,0.0135,0.859,0.584,3.9e-05,0.251,-10.933,0.0584,124.988,4
68,Movement,On A Mission,Katy B,2011-04-04,160893,19,0.67,0.294,0.67,0.806,0.0,0.419,-4.489,0.0447,126.918,4
69,Sp 11,Send a Prayer EP,Motor City Drum Ensemble,2013-04-05,315052,0,0.737,0.013,0.737,0.885,0.792,0.368,-9.077,0.105,124.997,4
70,Hungboo - DJ-Kicks,DJ-Kicks EP,Peggy Gou,2019-05-31,275533,9,0.705,0.514,0.705,0.854,0.259,0.445,-7.048,0.0849,95.075,4
71,It Makes You Forget (Itgehane),It Makes You Forget (Itgehane),Peggy Gou,2018-01-23,395416,46,0.797,0.015,0.797,0.922,0.578,0.0606,-9.686,0.0474,125.001,4
72,Better Than This - Soul Talk Remix,Better Than This,Paul Johnson,2014-03-23,244615,10,0.72,0.169,0.72,0.605,0.000559,0.081,-11.393,0.0452,104.005,4
73,Big Love,Big Love,Pete Heller's Big Love,1998-12-07,609806,43,0.688,0.000676,0.688,0.829,0.864,0.0419,-5.825,0.0444,126.799,4
74,Isn't It Midnight - 2017 Remaster,Tango in the Night (2017 Remaster),Fleetwood Mac,1987-04-14,253586,35,0.511,0.00162,0.511,0.665,0.173,0.247,-8.529,0.0275,145.964,4
75,Stand Up for the Soul - Vocal Mix,90's House & Garage compiled by Joey Negro,Joey Negro,2015-06-29,420730,0,0.618,0.00348,0.618,0.503,1.41e-05,0.0854,-7.992,0.0876,122.01,4
76,Wake Up Stand Up - Kai Alce KZR Vocal Mix,DJ Kemit Presents: Wake Up Stand Up (Kai Alcé Remixes) (feat. Jill Rock Jones),The Lounge Lizards,2019-09-20,495931,10,0.851,0.0309,0.851,0.788,0.00225,0.0303,-7.251,0.0681,123.975,4
77,Ordinary World,90's Dance Fever,Various Artists,2020-03-20,263146,21,0.503,0.00492,0.503,0.969,0.00228,0.326,-6.306,0.0529,138.461,4
78,Confirmation,Confirmation/I Turned Away,Westerman,2018-03-28,209309,39,0.771,0.933,0.771,0.335,0.48,0.0629,-12.699,0.0388,121.987,4
79,Feels Like Heaven,Dedicated To Bobby Jameson,Ariel Pink,2017-09-15,196106,37,0.477,0.0479,0.477,0.847,8.6e-05,0.175,-3.862,0.0437,121.251,4
80,Missing You,Genesis,Larry Heard,1999-03-01,396543,39,0.562,0.015,0.562,0.561,0.000107,0.108,-13.072,0.0301,115.987,4
81,Life During Wartime - Live,Stop Making Sense,Talking Heads,1984,351333,45,0.613,0.0744,0.613,0.864,0.00763,0.986,-8.781,0.0565,138.047,4
82,Walking In Your Footsteps,Synchronicity (Remastered 2003),The Police,1983-06-17,216800,40,0.609,0.92,0.609,0.529,0.268,0.115,-14.71,0.0478,196.953,4
83,"Haven't You Heard - 12"" Version",Remind Me (The Classic Elektra Recordings 1978-1984),Patrice Rushen,2019-07-19,438199,4,0.894,0.0397,0.894,0.688,0.436,0.0588,-9.229,0.0602,127.553,4
84,Exotica Dance Club,World,Nu Genea,2015-08-07,327560,2,0.784,0.0935,0.784,0.801,0.83,0.325,-11.448,0.0643,117.999,4
85,Nights Over Egypt,Get as Much Love as You Can,The Jones Girls,1981,279800,52,0.752,0.499,0.752,0.36,0.291,0.106,-14.317,0.0334,110.768,4
86,Living,Is Reaching for the Sky! (All Original Versions),Various Artists,2018-07-27,418544,26,0.82,0.0437,0.82,0.71,0.155,0.25,-7.988,0.0428,124.815,4
87,Disco Baby - Floating Points & Red Greg Edit,Disco Baby,Y. Gershovsky,2017-07-28,229734,31,0.687,0.00297,0.687,0.568,0.355,0.132,-10.256,0.0694,127.031,4
88,Slave To The Rhythm - Hot Blooded Version,Private Life: The Compass Point Sessions,Grace Jones,1998-01-01,498840,0,0.578,0.0624,0.578,0.84,0.0585,0.366,-6.923,0.0372,97.096,4
89,I.G.Y.,The Nightfly,Donald Fagen,1982-10-29,363413,55,0.834,0.614,0.834,0.559,0.00434,0.0839,-9.366,0.0603,119.422,4
90,Don't Go Lose It Baby,Pure Sounds of Africa,Hugh Masekela,2015-04-24,413560,41,0.712,0.0848,0.712,0.95,4.62e-05,0.213,-4.28,0.0429,116.036,4
91,Black Man,Songs In The Key Of Life,Stevie Wonder,1976-09-28,509506,39,0.776,0.121,0.776,0.921,0.000145,0.0766,-9.791,0.063,109.502,4
92,Get It Right,Get It Right (Expanded Edition),Aretha Franklin,1983-07-14,375106,37,0.755,0.0226,0.755,0.702,0.0,0.0386,-8.539,0.157,122.338,4
93,Forget Me Nots,Straight From The Heart,Patrice Rushen,1982,275813,27,0.912,0.139,0.912,0.534,0.102,0.0387,-5.319,0.0366,114.681,4
94,Give Me the Night,The George Benson Collection,George Benson,1981,222626,63,0.85,0.314,0.85,0.466,0.0234,0.129,-15.673,0.0555,109.936,4
95,Pacific Dream,Backstreet Brit Funk Vol.2 compiled by Joey Negro,Joey Negro,2018-06-29,348000,0,0.619,0.101,0.619,0.795,1.37e-05,0.286,-7.286,0.144,118.607,4
96,Always Remember,The Cove,Sven Atterton,2015-03-24,259893,10,0.744,0.000161,0.744,0.732,0.798,0.0317,-6.438,0.0731,111.978,4
97,Midnight City,"Hurry Up, We're Dreaming",M83,2011,241440,71,0.526,0.0161,0.526,0.712,0.0,0.179,-6.525,0.0356,105.009,4
98,Love On A Real Train,Dream Sequence,Tangerine Dream,1985-01-01,236573,41,0.576,0.973,0.576,0.275,0.941,0.0651,-23.139,0.0458,111.324,4
99,Alright - Remastered,Travelling Without Moving (Remastered),Jamiroquai,1996-09-09,263920,52,0.815,0.174,0.815,0.875,0.048,0.136,-7.822,0.0598,105.805,4
100,Feel Good Inc.,Demon Days,Gorillaz,2005-05-23,222640,81,0.818,0.00836,0.818,0.705,0.00233,0.613,-6.679,0.177,138.559,4
101,DX7 - Indastudio 10,Indastudio,Dabeull,2017-12-08,244762,55,0.902,0.445,0.902,0.586,0.002,0.0646,-7.658,0.0741,110.984,4
102,Time (You and I),Time (You and I),Khruangbin,2020-04-27,342189,47,0.751,0.00945,0.751,0.491,0.149,0.0708,-13.677,0.045,105.408,4
103,The Only Rhyme That Bites,The North At Its Heights (Expanded Edition),MC Tunes,1990-10-01,271333,28,0.56,0.00146,0.56,0.934,0.0,0.716,-5.856,0.186,62.663,4
104,Bass (How Low Can You Go) [Exended 1990 Version],"London Calling, Vol. 1",Various Artists,2013-10-23,320226,0,0.637,0.00515,0.637,0.976,0.0144,0.25,-10.687,0.0404,139.647,4
105,Halcyon (Tom Middleton Re-model),20,Orbital,2009-01-01,499866,27,0.711,0.000369,0.711,0.952,0.832,0.214,-7.497,0.0432,126.018,4
106,Born Slippy (Nuxx) - Radio Edit,Born Slippy (Nuxx) [Radio Edit],Underworld,1995-01-01,264187,55,0.542,0.00107,0.542,0.966,0.128,0.0984,-8.255,0.0421,140.071,4
107,Out Of Control,Surrender,The Chemical Brothers,1999-01-01,439760,45,0.551,0.000622,0.551,0.933,0.086,0.0851,-4.361,0.0333,131.964,4
108,Weapon Of Choice,Halfway Between The Gutter And The Stars,Fatboy Slim,2000-01-01,345893,31,0.514,0.279,0.514,0.952,0.428,0.351,-8.655,0.136,101.206,4
109,Crazy,Seal,Seal,1991-06-11,268040,55,0.633,0.408,0.633,0.846,0.00341,0.11,-6.744,0.0426,102.871,4
110,17 Days,The Hits / The B-Sides,Prince,1993-09-13,240066,34,0.852,0.0993,0.852,0.702,0.00476,0.0644,-9.566,0.0638,114.553,4
111,Let Me Talk,Faces,"Earth, Wind & Fire",1980-10-14,248520,26,0.77,0.303,0.77,0.837,0.000312,0.735,-10.121,0.045,111.746,4
112,Lazy (feat. David Byrne) - Radio Edit,Lazy (feat. David Byrne),X-Press 2,2002-01-01,257920,16,0.697,0.000879,0.697,0.667,3.01e-06,0.1,-9.083,0.0315,130.01,4
113,Penthouse Serenade,Palladium - Single,Alan Braxe,2002-03-06,244453,21,0.743,0.00692,0.743,0.582,0.506,0.1,-6.717,0.0447,119.982,4
114,Cassius 1999 (Radio Edit),1999 (Deluxe Edition),Cassius,1999,221733,49,0.817,0.000431,0.817,0.812,0.0601,0.0589,-9.073,0.288,127.073,4
115,If I Ever Feel Better,United,Phoenix,2000-03-06,266600,63,0.755,0.0492,0.755,0.553,0.00607,0.0646,-9.449,0.107,119.7,4
116,We Are The People,Walking On A Dream (10th Anniversary Edition),Empire of the Sun,2008-10-03,267373,67,0.675,0.0801,0.675,0.781,0.0143,0.422,-5.404,0.0306,122.989,4
117,Closing Shot (Radio Edit),Closing Shot,Lindstrøm,2016-03-10,268266,6,0.716,0.0015,0.716,0.758,0.867,0.119,-8.635,0.0579,123.016,4
118,Delorean Dynamite,It's Album Time,Todd Terje,2014-04-07,405933,46,0.634,0.0125,0.634,0.858,0.84,0.0984,-11.661,0.0417,123.991,4
119,In Space,Melody AM,Röyksopp,2001-08-22,210933,28,0.657,0.639,0.657,0.605,0.866,0.0822,-9.838,0.0414,119.029,4
120,Universal Traveler,Talkie Walkie,Air,2004-01-26,262013,40,0.717,0.829,0.717,0.51,0.125,0.111,-12.64,0.051,90.99,4
121,Teardrop,Mezzanine,Massive Attack,1998-01-01,330773,68,0.615,0.0173,0.615,0.419,0.497,0.135,-8.8,0.0395,76.997,4
122,Tightrope (feat. Big Boi) - Big Boi Vocal Edit,The ArchAndroid,Janelle Monáe,2010-05-17,262586,54,0.641,0.0302,0.641,0.673,0.000868,0.219,-10.72,0.0918,167.978,4
123,Everything but You,Wendy and Lisa (Expanded),Wendy & Lisa,1987-05-01,302240,9,0.606,0.467,0.606,0.683,0.019,0.319,-10.034,0.0337,116.257,4
124,The King of Rock 'N' Roll,From Langley Park To Memphis,Prefab Sprout,1988-03-14,262133,33,0.821,0.3,0.821,0.666,1.07e-06,0.0753,-9.067,0.0434,130.098,4
125,Small Talk,Cupid & Psyche 85,Scritti Politti,1985-06-10,219440,24,0.738,0.204,0.738,0.841,0.31,0.23,-8.067,0.0441,110.11,4
126,Amber Beach,Josey In Space,Josey Rebelle,2020-05-15,436525,5,0.308,0.00815,0.308,0.9,0.828,0.169,-7.431,0.0464,136.371,4
127,Bay/Sky Provincetown 1977,A Taste of Paradise,Yuji Toriyama,1985,266933,10,0.671,0.333,0.671,0.529,0.846,0.0827,-12.326,0.0306,110.722,4
128,You Are The Way You Are - Instrumental,I Want You (Deluxe Edition),Marvin Gaye,1976-03-16,264600,0,0.32,0.368,0.32,0.867,0.576,0.404,-8.453,0.0714,174.477,4
129,Born Under Punches,Remain in Light,Angelique Kidjo,2018-06-08,229626,25,0.628,0.0504,0.628,0.916,0.000476,0.0923,-2.903,0.0589,115.924,4
130,Yolele,Emotion (Real World Gold),Papa Wemba,1995,203600,38,0.67,0.1,0.67,0.845,0.0109,0.0583,-8.217,0.0563,119.032,4
131,Shaking The Tree,Shaking The Tree: 16 Golden Greats (Remastered),Peter Gabriel,1900,384493,32,0.655,0.0364,0.655,0.543,0.00093,0.0602,-10.884,0.0353,81.006,4
132,Birgit Boogie,The Hydrangeas Whisper,Boof,2015-04-03,387520,31,0.802,0.385,0.802,0.701,0.89,0.102,-8.085,0.0609,114.005,4
133,Sunglare Drive,Sky Droppin',Ametsub,2016-05-13,406547,5,0.741,0.0125,0.741,0.721,0.875,0.192,-7.33,0.058,120.013,4
134,Detroit Part 1,No Better Time Than Now,Shigeto,2013-08-19,291979,34,0.721,0.0374,0.721,0.738,0.0856,0.0948,-9.329,0.133,82.398,4
135,Giza,Giza,Sébastien Léger,2020-11-05,432786,42,0.769,0.0012,0.769,0.746,0.873,0.649,-8.835,0.0469,122.0,4
136,Aria - Newman I Love Remix,Aria,Dee Montero,2020-10-02,495609,38,0.8,0.000125,0.8,0.924,0.847,0.0592,-6.913,0.0403,123.013,4
137,You're No Good,Closer To Grey,Chromatics,2019-10-02,292418,39,0.661,0.0667,0.661,0.677,0.00905,0.137,-7.145,0.0279,116.59,4
138,The Equalizer,So This Is Goodbye,Junior Boys,2006-09-12,301306,16,0.876,0.0984,0.876,0.486,0.105,0.0757,-9.036,0.052,129.987,4
139,Feel Like Movin' - Radio Edit,Feel Like Movin' (Remixes),The Juan Maclean,2013-10-15,249713,0,0.74,0.138,0.74,0.93,0.000555,0.173,-3.949,0.0496,122.003,4
140,#5 Go Bang! (Francois K Mix),24-24 Music,Dinosaur L,1981,454840,28,0.69,0.0117,0.69,0.832,0.0184,0.28,-9.154,0.0588,130.646,4
141,Problèmes d'Amour - Original,Problèmes D'amour (All Versions),Alexander Robotnick,1983-01-01,420653,33,0.859,0.0099,0.859,0.413,0.735,0.0464,-13.888,0.0617,120.499,4
142,19 - Destruction Mix,Paul Hardcastle,Paul Hardcastle,1985-01-01,428666,35,0.744,0.00296,0.744,0.781,0.623,0.0501,-12.09,0.0816,117.859,4
143,Rainforest (Original Version),Hardcastle 1,Paul Hardcastle,1999,259533,27,0.712,0.00221,0.712,0.967,0.82,0.0321,-2.401,0.0457,119.622,4
144,Torpedo,Torpedo,AFFKT,2020-11-09,485105,1,0.697,0.00495,0.697,0.921,0.809,0.0571,-7.727,0.0461,120.004,4
145,Parler Musique,Parler Musique,Bézier,2018-03-12,426070,3,0.512,0.000258,0.512,0.775,0.907,0.552,-8.448,0.0345,127.997,4
146,Loops For Healing,For Lovers,Octo Octa,2019-03-01,327457,40,0.761,0.0474,0.761,0.699,0.848,0.0934,-11.836,0.0597,118.001,4
147,Silver,Our Love (Expanded Edition),Caribou,2015-03-10,316653,0,0.61,0.142,0.61,0.607,0.167,0.104,-8.638,0.0399,80.011,4
148,Alley Cats,One Life Stand,Hot Chip,2010-02-01,319818,35,0.734,0.465,0.734,0.526,0.000251,0.11,-8.086,0.0492,125.936,4
149,Home,This Is Happening,LCD Soundsystem,2010-05-17,473333,53,0.752,0.0462,0.752,0.844,0.131,0.0782,-8.705,0.0398,124.013,4
150,Drops,Drops,Nico,2020-10-09,278873,0,0.769,0.323,0.769,0.888,0.851,0.0768,-12.386,0.0543,142.008,4
151,Give A Little,Heard It In A Past Life,Maggie Rogers,2019-01-18,226720,54,0.618,0.211,0.618,0.695,3.96e-05,0.11,-5.415,0.189,199.95,3
152,Jason,Endless Summer,The Midnight,2016-08-01,331743,54,0.526,0.00628,0.526,0.768,0.00164,0.153,-8.28,0.0297,161.936,4
153,Running in the Night,Atlas,FM-84,2016-04-25,270000,55,0.527,0.00664,0.527,0.714,1.16e-06,0.0672,-8.929,0.0371,133.015,4
154,168 North,Good Timin' Vol. 1,Various Artists,2019-03-01,371516,8,0.805,0.000648,0.805,0.7,0.849,0.0509,-8.187,0.0716,116.994,4
155,Transition,Galaxy 2 Galaxy: A High Tech Jazz Compilation,Galaxy 2 Galaxy,2005,385413,23,0.648,0.000161,0.648,0.826,0.00357,0.147,-11.809,0.29,130.148,4
156,Japanese Elecktronics,Elektroworld,Elecktroids,2018-12-10,371923,8,0.888,0.13,0.888,0.538,0.286,0.0715,-7.999,0.132,129.454,4
157,Abraham's Theme,Chariots Of Fire (Original Motion Picture Soundtrack / Remastered),Vangelis,1981-03-14,200466,45,0.239,0.869,0.239,0.0196,0.761,0.0723,-27.547,0.0442,72.839,4
158,Twilight,"Soul Bag, Vol. 1",Various Artists,2019-07-28,406040,0,0.867,0.6,0.867,0.85,0.873,0.0958,-9.603,0.0476,107.788,4
159,Pacific 202,Ninety,808 State,1989-12-04,336400,45,0.543,0.00742,0.543,0.894,0.387,0.135,-7.743,0.06,128.275,4
160,Paper Moon,House Music Is Love 2 (Compiled & Mixed by Henri Kohn),Henri Kohn,2014-08-22,703680,10,0.763,4.14e-05,0.763,0.467,0.855,0.162,-15.095,0.0434,125.864,4
161,Offshore,Far From The Maddening Crowds,Chicane,1997-06-11,417807,43,0.589,0.0568,0.589,0.694,0.868,0.18,-9.043,0.0288,127.879,4
162,Fear in Flight,Bienvenida,Alexkid,2001-07-02,221706,5,0.767,0.0217,0.767,0.685,0.247,0.391,-8.541,0.0519,88.261,3
163,Emotional Content - Funk D'void Remix,Emotional Content,Chicco Secci,2004-01-19,478266,1,0.547,0.00301,0.547,0.696,0.947,0.107,-10.929,0.0335,129.496,4
164,Lovers in Paris - Willie May Remix,"Café Mambo, Music for Dreams: The Sunset Sessions, Vol. 1",Kenneth Bager,2013-07-08,524594,0,0.795,0.162,0.795,0.738,0.667,0.0996,-9.759,0.0548,120.019,4
165,The Pathways Of Our Lives,The Pathways Of Our Lives,Mark Barrott,2017-07-14,435118,21,0.737,0.0116,0.737,0.643,0.156,0.052,-9.317,0.101,93.006,4
166,Midnight on Rainbow Road,Midnight on Rainbow Road,Leon Vynehall,2016-02-26,383673,6,0.477,0.605,0.477,0.846,0.967,0.281,-7.532,0.0504,108.987,4
167,Besos - Kenneth Bager Remix,"Café Mambo, Music for Dreams: The Sunset Sessions, Vol. 1",Kenneth Bager,2013-07-08,593697,0,0.698,0.247,0.698,0.973,0.821,0.256,-7.019,0.038,109.022,4
168,Don't Stop the Dance - Todd Terje Remix,Cafe Mambo Ibiza - Twilight Sessions - Compiled by Kenneth Bager,Various Artists,2014-03-06,624933,0,0.699,0.32,0.699,0.785,0.848,0.59,-13.119,0.0408,126.007,4
169,Desert Man,Lost Girls,Bat For Lashes,2019-09-06,206346,29,0.474,0.11,0.474,0.491,2.89e-05,0.275,-9.602,0.0332,125.009,4
170,Let It Happen - Soulwax Remix,Currents B-Sides & Remixes,Tame Impala,2017-11-16,556924,53,0.745,0.191,0.745,0.847,0.808,0.112,-4.566,0.0341,125.02,4
171,Love Dog,Dear Science,TV On The Radio,2008-01-01,336480,20,0.344,0.102,0.344,0.781,0.305,0.0954,-7.506,0.0653,135.855,4
172,choronzon,Exit,Tangerine Dream,1985-05-01,248693,8,0.447,0.244,0.447,0.706,0.776,0.112,-13.763,0.064,198.965,4
173,Aeons,Apocalypso,The Presets,2008-04-12,203813,19,0.524,0.512,0.524,0.448,0.0326,0.0817,-11.319,0.0326,139.871,4
174,Ralome,Rest Proof Clockwork,Plaid,1999-06-21,269240,42,0.525,0.971,0.525,0.138,0.858,0.105,-23.333,0.0433,161.957,3
175,The Dude,The Dude,Quincy Jones,1981-01-01,337600,0,0.836,0.0676,0.836,0.551,0.00304,0.1,-12.954,0.0486,96.103,4
176,Tonight,Intimate Connection,Kleeer,1984-04-14,310666,38,0.844,0.322,0.844,0.33,0.713,0.0432,-14.718,0.044,105.066,4
177,Saturday Love Sunday,Sounds from the Far East,Soichi Terada,2015-03-23,356095,2,0.85,0.021,0.85,0.396,0.707,0.086,-9.425,0.132,103.555,3
178,Operator,Planetary Invasion,Midnight Star,1984-01-01,448240,37,0.804,0.0112,0.804,0.827,0.00388,0.0909,-8.188,0.0441,125.276,4
179,Caribbean Queen (No More Love On the Run),The Very Best of Billy Ocean,Billy Ocean,2010-04-26,244426,66,0.79,0.166,0.79,0.649,8.87e-05,0.092,-7.507,0.0265,113.798,4
180,Crockett's Theme,Miami Vice: Special Edition,Jan Hammer,2018-05-27,216000,46,0.488,0.00101,0.488,0.671,0.942,0.114,-9.906,0.0444,190.97,4
181,Ghostbusters,Greatest Hits,Ray Parker Jr.,1993-10-12,239133,59,0.778,0.0123,0.778,0.719,0.0262,0.297,-9.698,0.0345,115.4,4
182,Owner of a Lonely Heart,90125 (Deluxe Version),Yes,1983-06-01,268506,68,0.744,0.175,0.744,0.798,0.00367,0.26,-5.981,0.0364,125.061,4
183,The Safety Dance - Short Version,Rhythm Of Youth (Expanded Edition),Men Without Hats,1983-01-01,166826,46,0.526,0.0155,0.526,0.899,0.0,0.207,-5.733,0.043,100.343,4
184,Speed Demon - 2012 Remaster,Bad (Remastered),Michael Jackson,1987-08-31,242026,40,0.789,0.000777,0.789,0.748,0.479,0.304,-4.998,0.0521,98.9,4
185,Rhythm Nation,Rhythm Nation 1814,Janet Jackson,1989-09-19,330933,51,0.633,0.0504,0.633,0.931,0.109,0.375,-7.752,0.0686,109.116,4
186,Sleeptalking,Inflorescent,Friendly Fires,2019-08-16,211306,24,0.663,0.163,0.663,0.865,0.00012,0.0901,-4.58,0.0479,127.064,4
187,Japan,Weather,Tycho,2019-07-12,198842,35,0.602,0.0613,0.602,0.518,0.0516,0.25,-11.249,0.0426,166.163,4
188,Karlaplan,Off The Meds,Off The Meds,2020-11-20,218220,30,0.797,0.63,0.797,0.823,0.862,0.115,-9.56,0.0542,129.999,4
189,Blue Pedro,Blue Pedro,Bullion,2017-07-01,312826,37,0.789,0.365,0.789,0.642,0.862,0.071,-12.539,0.0649,112.007,4
190,Vapour Trail,Vapour Trail,Lone,2016-05-03,270581,6,0.677,0.00362,0.677,0.788,0.836,0.0886,-11.717,0.0527,130.006,4
191,Eyesdontlie,Vapor City,Machinedrum,2013-09-30,398717,18,0.582,0.00232,0.582,0.887,0.872,0.0458,-7.896,0.0635,174.015,4
192,To New York,Love Is a Liability,FaltyDL,2009-06-15,236720,0,0.817,0.363,0.817,0.682,0.0187,0.122,-7.343,0.216,136.04,4
193,ARP3,Shadows,Floating Points,2011-11-21,560810,34,0.824,0.0372,0.824,0.596,0.918,0.0751,-10.38,0.0936,124.943,4
194,Earth Beats - Kuniyuki,We Are Together,Kuniyuki Takahashi,2007-11-23,553200,2,0.433,0.19,0.433,0.675,0.911,0.498,-10.046,0.0646,123.972,4
195,Space Traveller,From Within,Nick Holder,1999,380560,5,0.705,0.0644,0.705,0.428,0.938,0.0981,-12.467,0.0513,121.725,4
196,Afternoon,Brand New Day,Mr. YT,2017-03-10,383536,13,0.692,0.000253,0.692,0.834,0.925,0.0876,-8.949,0.039,123.948,4
197,"""43""",Level 42,Level 42,1981-01-01,422293,16,0.565,0.00498,0.565,0.699,0.405,0.0568,-12.587,0.0449,119.548,3
198,Starlette - Full Length Album Mix,The B. B. & Q. Band / All Night Long (Special Expanded Edition),The B. B. & Q. Band,2013-01-11,297120,0,0.733,0.116,0.733,0.883,0.000182,0.316,-7.522,0.0526,120.46,4
199,Nights (Feel Like Gettin' Down),Nights (Feel Like Getting Down) [Expanded Edition],Billy Ocean,1981,282200,39,0.881,0.264,0.881,0.829,0.00063,0.127,-5.968,0.122,115.418,4
200,Gettin' Jiggy Wit It,Big Willie Style,Will Smith,1997-10-03,227933,70,0.881,0.0175,0.881,0.874,1.14e-06,0.154,-4.505,0.139,107.891,4
201,Pumps and a Bump,The Funky Headhunter,MC Hammer,1994-03-01,305066,36,0.836,0.0627,0.836,0.793,2.57e-05,0.219,-7.744,0.109,106.005,4
202,Whatta Man,Very Necessary,Salt-N-Pepa,1993-10-12,308360,65,0.757,0.154,0.757,0.544,6.07e-05,0.226,-10.722,0.219,173.208,4
203,Tennessee,"3 Years, 5 Months And 2 Days In The Life Of...",Arrested Development,1992-03-24,272706,52,0.822,0.0241,0.822,0.661,3.95e-06,0.315,-10.234,0.164,99.883,4
204,Hydrate,Hydrate EP,Chaos In The CBD,2019-07-26,382572,34,0.705,0.00852,0.705,0.654,0.868,0.107,-10.782,0.0461,118.001,4
205,I Am The Black Gold Of The Sun,Nuyorican Soul,Nuyorican Soul,1997-01-01,319733,29,0.64,0.0178,0.64,0.685,0.515,0.0727,-10.99,0.0465,86.957,4
206,Light Up The Sky,A Mineral Love,Bibio,2016-04-01,218293,31,0.439,0.244,0.439,0.593,0.000232,0.107,-6.188,0.04,116.81,5
207,Palace Posy,Tomorrow's Harvest,Boards of Canada,2013-06-10,245927,30,0.814,0.0185,0.814,0.515,0.839,0.0968,-10.365,0.0369,144.712,4
208,I Don't Believe in You - 1997 Remaster,The Colour of Spring,Talk Talk,1986,302373,41,0.663,0.08,0.663,0.425,0.107,0.0424,-10.826,0.0297,85.924,4
209,The Space Between,Avalon,Roxy Music,1982-05-01,270333,39,0.715,0.15,0.715,0.841,0.0329,0.0531,-7.343,0.0372,113.151,4
210,Chinatown,Kaputt,Destroyer,2011-01-25,229026,1,0.724,0.00475,0.724,0.688,0.0108,0.199,-5.563,0.0257,114.019,4
211,Through That Feeling,Mezcalita EP,DJ Seinfeld,2020-12-04,353305,28,0.752,0.00983,0.752,0.948,0.92,0.0728,-5.723,0.0428,119.989,4
212,I Won't Forget,I Won't Forget,Logic1000,2020-12-02,273485,1,0.726,0.0448,0.726,0.928,0.874,0.0755,-8.511,0.0478,127.031,4
213,Save A Kiss,What's Your Pleasure?,Jessie Ware,2020-06-26,242266,50,0.661,0.0592,0.661,0.776,0.0546,0.137,-9.82,0.063,119.995,4
214,Lifetime,Lifetime,Romy,2020-09-29,197661,55,0.55,4.14e-05,0.55,0.796,0.0,0.103,-5.39,0.0495,128.014,4
215,Negative Returns - Four Tet Remix,Negative Returns (Four Tet Remix),Krust,2020-11-25,333176,29,0.498,0.0571,0.498,0.808,0.744,0.0769,-7.729,0.0425,169.979,4
216,Machine Funk,Music For The NAACP,Various Artists,2020-10-02,290859,20,0.76,0.00477,0.76,0.311,0.95,0.0704,-13.517,0.0604,127.999,4
217,Fair Chance - Floating Points Remix,Fair Chance (Floating Points Remix),Thundercat,2020-11-11,308214,42,0.773,0.00457,0.773,0.78,0.127,0.107,-8.667,0.115,125.01,4
218,Just the Two of Us (feat. Bill Withers),Anthology,"Grover Washington, Jr.",1985,237106,77,0.802,0.572,0.802,0.488,0.0598,0.0763,-9.304,0.0813,95.77,4
219,Day by Day (feat. Al Jarreau),City Rhythm,Shakatak,1985,226093,38,0.812,0.411,0.812,0.645,1.62e-05,0.168,-12.265,0.086,104.878,4
220,You Are in My System,Sweat,The System,1983-01-01,357812,40,0.843,0.00891,0.843,0.46,0.00247,0.132,-13.512,0.054,109.123,4
221,Ain't Nobody,"Epiphany: The Best of Chaka Khan, Vol. 1",Chaka Khan,1996-11-08,280853,67,0.8,0.189,0.8,0.878,0.000104,0.14,-7.109,0.0434,104.282,4
222,Hearts On Fire - Original Version,Hearts On Fire,Cut Copy,2008-01-01,292560,0,0.553,0.0374,0.553,0.961,0.933,0.232,-3.991,0.0481,124.971,4
223,Night And Day,In Our Heads,Hot Chip,2012-06-12,268689,24,0.761,0.03,0.761,0.781,0.0213,0.166,-5.593,0.0369,125.987,4
224,Pilots,Felt Mountain,Goldfrapp,2000-09-10,269600,35,0.354,0.347,0.354,0.372,0.237,0.0755,-10.564,0.0303,84.762,4
225,Joga,Homogenic,Björk,1997-09-23,305666,41,0.321,0.405,0.321,0.697,0.000155,0.0721,-6.266,0.057,146.161,4
226,The Sensual World,The Sensual World,Kate Bush,1989-10-16,236000,32,0.553,0.193,0.553,0.557,0.0496,0.409,-14.576,0.0322,135.712,4
227,Dear Prudence,Hyaena (Remastered And Expanded),Siouxsie and the Banshees,1984-06-08,228200,56,0.426,0.012,0.426,0.9,0.000735,0.69,-4.393,0.047,101.492,4
228,Buffalo Stance,Raw Like Sushi,Neneh Cherry,1989-01-01,342360,53,0.708,0.0113,0.708,0.627,3.13e-05,0.338,-11.155,0.0614,107.246,4
229,Alphabet St.,The Hits / The B-Sides,Prince,1993-09-13,339933,39,0.825,0.313,0.825,0.97,0.247,0.105,-5.866,0.0675,104.357,4
230,Remind me - someone else's radio remix,Remind Me,Röyksopp,2005-08-29,246200,32,0.789,0.0217,0.789,0.757,0.675,0.0527,-9.296,0.0524,126.109,4
231,Kelly Watch the Stars - Edit,Kelly Watch the Stars,Air,2004-06-11,222600,7,0.689,0.0182,0.689,0.879,0.505,0.0382,-4.148,0.0261,115.194,4
232,Cream,Diamonds and Pearls,Prince,1991-10-01,253066,0,0.861,0.0974,0.861,0.604,0.358,0.0467,-8.44,0.0719,115.588,4
233,Cantaloop (Flip Fantasia),Hand On The Torch,Us3,1993-01-01,279360,45,0.852,0.107,0.852,0.655,2.07e-05,0.137,-11.498,0.0645,115.962,4
234,If It Isn't Love,Heart Break,New Edition,1988-01-01,309840,57,0.588,0.0915,0.588,0.856,2.62e-05,0.365,-12.418,0.0378,97.968,4
235,Opposites Attract,Forever Your Girl,Paula Abdul,1988-01-01,265373,52,0.783,0.0337,0.783,0.842,2.57e-06,0.0519,-8.838,0.054,117.79,4
236,Venus,True Confessions (Collector's Edition),Bananarama,1986-01-01,229164,65,0.722,0.0883,0.722,0.961,0.61,0.278,-4.812,0.0514,126.113,4
237,I Know A Place,About U,MUNA,2017-02-03,272813,56,0.685,0.137,0.685,0.9,0.0,0.2,-4.626,0.151,111.991,4
238,Maybe You're the Reason,Good At Falling,The Japanese House,2019-03-01,218935,53,0.621,0.106,0.621,0.762,2.71e-06,0.302,-6.376,0.0328,95.014,4
239,When I Needed You,Emotion,Carly Rae Jepsen,2015-08-21,221040,33,0.57,0.0517,0.57,0.891,0.0,0.345,-3.784,0.0899,90.984,4
240,Realiti,Art Angels,Grimes,2015-11-06,306532,52,0.639,0.000904,0.639,0.632,0.0411,0.115,-7.589,0.029,114.993,4
241,Not In Love - Radio Version,(II),Crystal Castles,2011-01-01,226986,59,0.477,0.000834,0.477,0.98,0.00963,0.357,-4.204,0.0887,135.902,4
242,着物,ロストエデンへのパス,t e l e p a t h テレパシー能力者,2015-10-28,264352,25,0.243,0.896,0.243,0.4,0.74,0.164,-9.319,0.0364,83.086,4
243,心はシダであります,ロストエデンへのパス,t e l e p a t h テレパシー能力者,2015-10-28,299160,23,0.633,0.489,0.633,0.705,0.893,0.28,-12.001,0.0364,145.254,4
244,Climbing the Corporate Ladder,Dream Sequins®,Nmesh,2014-02-27,262068,39,0.772,0.00482,0.772,0.71,0.775,0.496,-7.663,0.0422,99.182,4
245,Esprit.Wav,Virtua.Zip,ESPRIT 空想,2014-05-06,210000,41,0.6,0.301,0.6,0.917,0.883,0.0837,-5.083,0.0338,159.988,4
246,VERNE ↹ Flights ̙,Hiraeth,猫 シ Corp.,2014-04-15,103497,18,0.582,0.0584,0.582,0.867,0.779,0.209,-10.729,0.0311,157.953,4
247,Sadeness - Pt. 1 / Radio Edit,Sadeness (Part I),Enigma,1990-01-01,260399,38,0.607,0.0866,0.607,0.478,0.106,0.0983,-13.677,0.0354,95.721,4
248,Justified & Ancient,Solid State Logik 1,The KLF,2021-01-01,228372,52,0.628,0.00276,0.628,0.953,0.0132,0.427,-4.989,0.0626,111.134,4
249,What Time Is Love? - Live at Trancentral,Solid State Logik 1,The KLF,2021-01-01,235851,42,0.642,0.00233,0.642,0.88,3.07e-05,0.916,-5.216,0.134,120.099,4
250,3AM Eternal - Live at the S.S.L.,Solid State Logik 1,The KLF,2021-01-01,232411,46,0.616,0.0025,0.616,0.977,0.0124,0.942,-6.357,0.0827,119.303,4
251,Lost Illusions,Gaia's Requiem,Tracing Xircles,2017-04-03,508530,0,0.527,0.0171,0.527,0.916,0.845,0.288,-7.514,0.0441,115.964,4
252,Blue Smoke,Paraworld,Ex-Terrestrial,2016-04-15,381943,25,0.651,0.0676,0.651,0.915,0.693,0.372,-10.785,0.097,106.013,4
253,Pacific Reasons,Pacific Reasons EP,Body-San,2017-05-19,358409,32,0.698,0.266,0.698,0.89,3.47e-05,0.0984,-7.884,0.0612,114.021,4
254,Castle 2 Castle,Bene's World,Benedek,2017-07-28,239997,0,0.698,0.0996,0.698,0.714,0.919,0.068,-4.507,0.0455,120.014,4
255,Night Echoes,Night Echoes,Kareem Ali,2020-05-01,316865,19,0.818,0.0444,0.818,0.767,0.000286,0.347,-8.278,0.304,128.059,4
256,Never Come Back - Four Tet Remix,Never Come Back (Four Tet Remix),Caribou,2020-05-14,465937,0,0.754,0.613,0.754,0.955,0.863,0.105,-8.795,0.0402,128.005,4
257,SW9 9SL,New Energy,Four Tet,2017-09-29,475639,38,0.71,0.592,0.71,0.832,0.924,0.098,-9.759,0.0371,128.99,4
258,New Jade,Suddenly,Caribou,2020-02-28,217666,36,0.583,0.225,0.583,0.796,0.0822,0.145,-7.546,0.0324,92.044,4
259,See-Through,World Of Echo,Arthur Russell,1986,130000,23,0.312,0.78,0.312,0.334,0.128,0.121,-17.203,0.0989,75.879,3
260,Last Bloom,Crush,Floating Points,2019-10-18,353680,37,0.711,0.197,0.711,0.646,0.894,0.0845,-11.706,0.0584,135.018,4
261,Saturnalia,Valerie and Friends,Various Artists,2009-05-27,337720,14,0.49,0.00718,0.49,0.802,0.904,0.104,-10.973,0.0378,114.988,4
262,DNT STP MY LV,DNT STP MY LV,India Jordan,2019-04-16,274546,27,0.709,0.0407,0.709,0.781,0.00271,0.237,-6.917,0.0758,134.047,4
263,VV Violence,Oh No,Jessy Lanza,2016-05-13,237897,17,0.785,0.0728,0.785,0.883,0.47,0.0644,-10.016,0.0515,133.986,4
264,Wild Girl - Paul Woolford Remix,Wild Girl (Paul Woolford Remix),Kito,2019-12-06,221931,59,0.551,0.0341,0.551,0.786,0.4,0.182,-8.434,0.0301,125.009,4
265,Come Down,Malibu,Anderson .Paak,2016-01-15,169726,65,0.841,0.271,0.841,0.898,0.0151,0.304,-7.135,0.104,98.401,4
266,First Steps,Celeste (Original Soundtrack),Lena Raine,2018-01-25,218708,46,0.545,0.379,0.545,0.635,0.0579,0.158,-7.874,0.0259,90.005,4
267,Sync,FEZ,Disasterpeace,2013-01-08,139037,5,0.25,0.0285,0.25,0.611,0.731,0.13,-7.801,0.0391,76.021,4
268,An Underlying Problem (The Lost City),Shovel Knight The Definitive Soundtrack,Jake Kaufman,2014-06-27,228448,26,0.465,0.000887,0.465,0.994,0.952,0.121,-2.635,0.0393,128.54,4
269,Air On Line,[USA],Anamanaguchi,2019-10-25,298855,33,0.507,0.0184,0.507,0.781,0.0184,0.381,-5.437,0.0345,95.019,4
270,The Music,PLAYER,CAPSULE,2010-03-03,455946,17,0.562,0.0223,0.562,0.823,0.000125,0.113,-1.798,0.0396,132.016,4
271,"Lights, Camera, Action! - Studiopolis Zone Act 1",Non-Stop Music Selection (Vol.1),Sonic The Hedgehog,2020-02-20,186429,51,0.569,0.000288,0.569,0.895,0.466,0.11,-7.516,0.0507,120.101,4
272,Blossom Haze - Press Garden Zone Act 2 (Sonic Mania),Non-Stop Music Selection (Vol.5),Sonic The Hedgehog,2020-12-23,129437,34,0.481,0.00131,0.481,0.949,0.965,0.124,-8.184,0.0388,107.986,4
273,Hydro City Zone Act 1 (Sonic Mania),Non-Stop Music Selection (Vol.4),Sonic The Hedgehog,2020-09-26,125576,33,0.433,6.65e-05,0.433,0.868,0.929,0.165,-5.97,0.0407,202.904,4
274,Prime Time - Studiopolis Zone Act 2,Sonic The Hedgehog DJ Style “Party”,Sonic The Hedgehog,2020-06-17,72000,38,0.551,1.42e-05,0.551,0.959,0.93,0.32,-6.073,0.0582,139.962,4
275,Did You See the Ocean?,Secret of Mana(Original Soundtrack),Hiroki Kikuta,1993,129733,12,0.422,0.00352,0.422,0.726,0.955,0.0926,-14.401,0.0407,141.231,4
276,Battle 2,FINAL FANTASY IV Original Soundtrack,Nobuo Uematsu,1991,73160,32,0.291,0.000498,0.291,0.583,0.94,0.339,-9.116,0.0339,172.04,4
277,Wandering,FINAL FANTASY X Original Soundtrack,Various Artists,2001-08-01,281266,41,0.179,0.919,0.179,0.285,0.867,0.185,-13.039,0.0368,77.61,5
278,Besaid,FINAL FANTASY X Original Soundtrack,Various Artists,2001-08-01,284240,42,0.634,0.963,0.634,0.363,0.822,0.103,-12.753,0.0298,108.988,4
279,Can U Read Me?,Believer / Can U Read Me?,DāM-FunK,2016-08-03,215669,0,0.539,0.15,0.539,0.386,0.691,0.237,-6.876,0.0363,99.865,4
280,Tonight,Don’t Let Get You Down,Wajatta,2020-02-28,293347,18,0.834,0.437,0.834,0.84,0.776,0.0494,-6.717,0.057,123.975,4
281,Water Walk,Urth Born,Ex-Terrestrial,2018-02-23,425091,10,0.585,0.00292,0.585,0.898,0.591,0.105,-9.75,0.0402,113.026,4
282,Distant Images,Distant Images,D.K.,2017-11-14,273684,17,0.563,0.0487,0.563,0.52,0.841,0.104,-10.108,0.0283,113.98,4
283,Leaving,Distant Images,D.K.,2017-11-14,266263,29,0.712,0.81,0.712,0.569,0.922,0.0945,-10.791,0.0326,119.996,4
284,Journey to the Sun,Island of Dreams,D.K.,2015,235171,20,0.623,0.736,0.623,0.581,0.932,0.091,-8.919,0.0284,102.007,4
285,Delete Forever - Channel Tres Remix,Miss Anthropocene (Rave Edition),Grimes,2021-01-01,181160,1,0.773,0.129,0.773,0.577,0.327,0.32,-9.779,0.053,119.993,4
286,Days,Days,Round,2020-12-18,199072,33,0.699,0.553,0.699,0.441,0.348,0.08,-12.642,0.0429,99.0,4
287,Tourist In Paradise,The Best Of The Rippingtons,The Rippingtons,1997,341093,0,0.605,0.124,0.605,0.79,0.844,0.162,-6.666,0.0288,114.055,4
288,River Song,Collection,Dave Grusin,1989-01-01,313466,11,0.761,0.112,0.761,0.535,0.892,0.0372,-16.287,0.0349,109.642,4
289,Serengeti Walk (Slippin' In The Back Door),GRP 30: The Digital Master Company 30th Anniversary,Various Artists,2012-01-01,380253,0,0.691,0.136,0.691,0.513,0.843,0.665,-10.946,0.0464,96.008,4
290,Jamaica Heartbeat - Original Version,GRP 30: The Digital Master Company 30th Anniversary,Various Artists,2012-01-01,330466,0,0.651,0.165,0.651,0.669,0.679,0.159,-7.687,0.0579,172.151,4
291,Love Notes,Kilimanjaro,The Rippingtons,1988,257000,0,0.652,0.198,0.652,0.507,0.00822,0.129,-12.655,0.0292,99.99,4
292,Cool Weasel Boogie,The Chick Corea Elektric Band,Chick Corea Elektric Band,1986-01-01,405506,0,0.567,0.269,0.567,0.335,0.282,0.0538,-15.962,0.0294,155.761,4
293,Affair In San Miguel,The Best Of The Rippingtons,The Rippingtons,1997-01-01,308826,30,0.569,0.151,0.569,0.785,0.213,0.348,-9.113,0.0302,99.744,4
294,Boogie Wonderland,I Am,"Earth, Wind & Fire",1979-06,288293,74,0.802,0.0843,0.802,0.756,0.00765,0.0521,-10.791,0.0349,131.715,4
295,"Money, Money, Money",Abba Gold Anniversary Edition,ABBA,2014-01-01,186786,45,0.756,0.428,0.756,0.74,0.00114,0.0807,-6.426,0.0365,120.445,4
296,Gimme! Gimme! Gimme! (A Man After Midnight),Abba Gold Anniversary Edition,ABBA,2014-01-01,289160,46,0.705,0.029,0.705,0.655,0.00405,0.319,-5.985,0.0281,119.373,4
297,Fragments of Time (feat. Todd Edwards),Random Access Memories,Daft Punk,2013-05-17,279773,59,0.807,0.041,0.807,0.51,0.115,0.104,-9.729,0.0433,130.118,4
298,Get Lucky (feat. Pharrell Williams & Nile Rodgers),Random Access Memories,Daft Punk,2013-05-17,369626,72,0.81,0.0378,0.81,0.793,1.77e-06,0.072,-9.404,0.0403,116.05,4
299,Melodies of Love,Melodies of Love,Pink Rhythm,2017-03-03,321773,37,0.646,0.0668,0.646,0.77,0.112,0.403,-6.243,0.0325,100.334,4
300,Tour de France (Etape 2) - 2009 Remaster,Tour de France (2009 Remaster),Kraftwerk,2003,401266,35,0.671,0.258,0.671,0.617,0.855,0.883,-12.622,0.0394,140.024,4
301,Computer Love - 2009 Remaster,The Mix (2009 Remaster),Kraftwerk,1991,399453,13,0.795,0.012,0.795,0.932,0.891,0.0721,-9.923,0.0441,128.026,4
302,Pocket Calculator - 2009 Remaster,The Mix (2009 Remaster),Kraftwerk,1991,272146,12,0.803,0.00282,0.803,0.756,0.155,0.268,-8.98,0.0761,132.043,4
303,Dentaku - 1991 Remix; 2009 Remaster,The Mix (2009 Remaster),Kraftwerk,1991,206786,10,0.729,0.0014,0.729,0.815,0.237,0.323,-9.062,0.0507,132.046,4
304,RYDEEN,Solid State Survivor,YELLOW MAGIC ORCHESTRA,1979-09-25,266360,37,0.554,8.19e-05,0.554,0.855,0.807,0.0486,-6.506,0.0368,142.77,4
305,TECHNOPOLIS,Solid State Survivor,YELLOW MAGIC ORCHESTRA,1979-09-25,254960,30,0.63,7.8e-05,0.63,0.884,0.525,0.348,-6.308,0.0295,142.759,4
306,rise,攻殻機動隊 STAND ALONE COMPLEX O.S.T.2,Yoko Kanno,2011-03-30,328161,43,0.461,0.00595,0.461,0.945,0.000229,0.327,-7.287,0.153,146.082,4
307,Utai IV: Reawakening,Ghost in the Shell (Music Inspired by the Motion Picture),Various Artists,2017-03-31,157280,43,0.234,0.00262,0.234,0.641,0.00686,0.068,-8.653,0.0633,140.187,3
308,Johnny and Mary,It's Album Time,Todd Terje,2014-04-07,392253,48,0.661,0.302,0.661,0.537,0.584,0.144,-11.53,0.0281,124.001,4
309,"Love Like a Sunset, Pt. 1",Wolfgang Amadeus Phoenix,Phoenix,2009-05-25,338546,38,0.625,0.503,0.625,0.543,0.898,0.104,-10.3,0.0291,124.981,4
310,"Love Like a Sunset, Pt. 2",Wolfgang Amadeus Phoenix,Phoenix,2009-05-25,116720,38,0.558,0.627,0.558,0.43,0.308,0.102,-9.33,0.0377,115.913,3
311,Look At Where We Are,In Our Heads,Hot Chip,2012-06-12,239426,34,0.792,0.597,0.792,0.387,0.000106,0.0757,-8.192,0.0464,136.996,4
312,In The Morning,So This Is Goodbye,Junior Boys,2006-09-12,286093,34,0.904,0.241,0.904,0.837,0.453,0.0901,-5.729,0.0394,120.0,4
313,Sheltered Life,Sheltered Life,Erlend Øye,2003-01-01,229413,24,0.802,0.0352,0.802,0.872,0.103,0.118,-9.788,0.0369,119.987,4
314,Poor Leno,Poor Leno,Röyksopp,2001,235840,21,0.559,0.000441,0.559,0.842,0.349,0.137,-8.326,0.0353,123.772,4
315,Monument - The Inevitable End Version,The Inevitable End,Röyksopp,2014-11-10,286520,42,0.51,0.00604,0.51,0.855,0.125,0.706,-6.858,0.0406,93.038,4
316,Missing U,Honey,Robyn,2018-10-26,297268,45,0.702,0.0472,0.702,0.666,0.000119,0.139,-8.307,0.0463,119.93,4
317,Hang With Me,Body Talk Pt. 2,Robyn,2010-09-06,258853,24,0.642,0.00919,0.642,0.81,0.00171,0.107,-6.192,0.0357,114.979,4
318,Back Together,The A&R EP,Annie,2013-07-29,217920,17,0.573,0.057,0.573,0.843,0.00127,0.322,-8.243,0.0335,122.979,4
319,Heartbeat,Anniemal,Annie,2004-09-28,185000,37,0.691,0.00457,0.691,0.7,0.181,0.245,-6.695,0.0274,128.005,4
320,Number 1,Supernature,Goldfrapp,2005-08-17,205306,42,0.676,0.0193,0.676,0.473,0.171,0.115,-9.843,0.0274,125.047,4
321,Utopia - Genetically Enriched,The Singles,Goldfrapp,2011-12-19,231080,17,0.456,0.00217,0.456,0.745,0.0234,0.076,-7.385,0.0339,98.546,4
322,Army of Me,Post,Björk,1995-06-13,234333,50,0.462,0.00786,0.462,0.677,7.15e-05,0.226,-9.262,0.0327,172.192,4
323,Isobel,Post,Björk,1995-06-13,346466,35,0.586,0.00052,0.586,0.564,0.287,0.135,-11.243,0.0297,100.031,4
324,On the Level,This Old Dog,Mac DeMarco,2017-05-05,227653,59,0.573,0.0944,0.573,0.473,0.397,0.199,-10.839,0.0268,77.494,4
325,Gel Lab,Rest Proof Clockwork,Plaid,1999-06-21,254186,15,0.387,0.0285,0.387,0.519,0.819,0.122,-15.499,0.0569,157.003,3
326,Peaceful Groove,Peaceful Groove,Teen Daze,2020-09-18,211764,0,0.652,0.91,0.652,0.632,0.901,0.114,-12.653,0.0415,102.023,4
327,A Rainy Night in Soho,A Rainy Night in Soho,Real Lies,2020-04-17,291570,13,0.412,0.642,0.412,0.306,0.585,0.112,-15.209,0.0297,99.777,3
328,Alberto Balsalm,...I Care Because You Do,Aphex Twin,1995-04-24,310746,57,0.792,0.316,0.792,0.599,0.931,0.111,-13.647,0.141,93.994,4
329,Iambic 9 Poetry,Ultravisitor,Squarepusher,2004,415906,32,0.383,0.0391,0.383,0.549,0.88,0.0669,-12.889,0.0369,103.186,4
330,A Journey To Reedham (7am Mix),Big Loada,Squarepusher,1997-07-21,395800,20,0.467,0.00074,0.467,0.947,0.683,0.335,-9.041,0.0382,94.52,4
331,I Love Acid,YosepH,Luke Vibert,2003-10-13,259026,34,0.804,0.00595,0.804,0.872,0.521,0.211,-7.931,0.052,110.409,4
332,Sex Drive,Drive,Slap & Powell,1990-01-01,376601,13,0.625,0.277,0.625,0.505,0.903,0.0838,-15.141,0.0491,181.164,3
333,Majestic,New Dimensions,Larry Bright,1987-01-01,248164,1,0.541,0.0843,0.541,0.644,0.0042,0.367,-8.153,0.0506,150.339,4
334,GE/CH: Seq,Intenta,Various Artists,2020-03-27,247520,9,0.654,0.106,0.654,0.893,0.878,0.0625,-7.625,0.0448,95.864,4
335,Rain Dance,More Than a Dream,Steve Bach,1988-07-01,242133,8,0.527,0.767,0.527,0.341,0.00465,0.113,-15.677,0.0363,120.929,4
336,Can't Get Out Of This Mood,And It Rained All Through the Night,Bill Wolfer,1989-07-01,224640,0,0.696,0.00919,0.696,0.403,0.304,0.0915,-19.132,0.0333,108.061,4
337,Sound & Image,The Pacific Visions of Martin Glass,Martin Glass,2017-09-15,176410,10,0.488,0.325,0.488,0.829,0.864,0.412,-9.188,0.0414,96.978,4
338,Raffles In Rio,Pure Mark Isham,Mark Isham,1983,280053,11,0.636,0.957,0.636,0.284,0.962,0.0907,-21.975,0.0716,165.445,4
339,Boogie For Life,Boogie For Life,E. Live,2020-09-05,237292,24,0.867,0.0871,0.867,0.54,0.624,0.109,-13.257,0.0933,116.982,4
340,Elouisa,Kitsuné: Elouisa - EP,The Swiss,2013-06-17,316654,8,0.806,0.0229,0.806,0.823,1.31e-06,0.109,-3.998,0.103,119.956,4
341,Fever,Fever,Lenno,2015-11-20,180645,32,0.699,0.0293,0.699,0.866,4.59e-06,0.565,-5.52,0.106,113.969,4
342,Green Light - Chromeo Remix,Green Light (Chromeo Remix),Lorde,2017-05-19,247933,53,0.794,0.0414,0.794,0.88,1.88e-06,0.0958,-4.734,0.037,121.009,4
343,Keep The Faith,First Landing,Moon Boots,2017-08-04,258034,47,0.822,0.0304,0.822,0.564,0.0465,0.139,-6.669,0.0448,116.02,4
344,Go With It (feat. Chromeo),Full Circle,Oliver,2017-08-25,232573,46,0.777,0.231,0.777,0.76,0.0268,0.0802,-5.521,0.046,101.999,4
345,Just So Right - Funk Leblanc Remix,Just So Right (Funk Leblanc Remix),Alex Lewis,2014-10-19,319826,31,0.815,0.000175,0.815,0.714,0.33,0.0243,-5.776,0.0371,114.988,4
346,A Walk,Dive,Tycho,2011-10-04,316919,50,0.659,0.329,0.659,0.716,0.909,0.127,-7.816,0.0317,139.952,4
347,Luckey,Luckey,Jesse Futerman,2021-02-05,398276,31,0.463,0.764,0.463,0.517,0.908,0.0967,-13.037,0.0474,92.442,4
348,Touch,Touch,Yoshinori Hayashi,2021-02-10,513860,4,0.732,0.00498,0.732,0.456,0.885,0.113,-13.727,0.0524,124.005,4
349,Compassed,Retreat Ites EP,Jurango,2021-02-12,265615,5,0.747,0.343,0.747,0.674,0.957,0.0935,-11.744,0.0523,93.979,4
350,Prima Kalimba,Tropical Drums of Deutschland,Jan Schulte,2017-08-25,266762,5,0.714,0.172,0.714,0.766,0.85,0.0651,-13.221,0.0566,156.582,4
351,Akili Mali,Tropical Drums of Deutschland,Jan Schulte,2017-08-25,179813,11,0.731,0.849,0.731,0.818,0.86,0.124,-6.116,0.0413,116.012,4
352,Hey Tata Gorem - Wolf Müller Edit,Tropical Drums of Deutschland,Jan Schulte,2017-08-25,294736,8,0.681,0.945,0.681,0.586,0.94,0.087,-10.827,0.121,170.951,4
353,Bamboo on the Beach,Kaze no Tamago,YAS-KAZ,1985,304226,5,0.671,0.423,0.671,0.275,0.14,0.0807,-18.893,0.0363,101.88,4
354,LesAlpx,Crush,Floating Points,2019-10-18,281141,39,0.7,0.000184,0.7,0.741,0.826,0.109,-11.692,0.0411,130.025,4
355,Front Screen Projection,Offworld,Special Request,2019-09-27,273842,12,0.586,0.274,0.586,0.849,0.777,0.532,-9.656,0.0345,119.982,4
356,Rain On Me (with Ariana Grande),Chromatica,Lady Gaga,2020-05-29,182200,77,0.672,0.021,0.672,0.855,0.0,0.323,-3.764,0.0397,123.056,4
357,breathin,Sweetener,Ariana Grande,2018-08-17,198160,72,0.568,0.0211,0.568,0.656,1.37e-05,0.213,-5.413,0.0433,100.049,4
358,Don't Start Now,Future Nostalgia,Dua Lipa,2020-03-27,183290,81,0.793,0.0123,0.793,0.793,0.0,0.0951,-4.521,0.083,123.95,4
359,Sweet Nothing (feat. Florence Welch),18 Months,Calvin Harris,2012-10-29,212560,70,0.573,0.197,0.573,0.929,0.000112,0.0567,-3.942,0.109,127.934,4
360,Drumming Song,Drumming Song,Florence + The Machine,2009-01-01,223826,18,0.444,0.00127,0.444,0.81,0.000952,0.0958,-4.79,0.0434,199.971,4
361,Speechless,The Fame Monster (Deluxe Edition),Lady Gaga,2009-11-05,270813,52,0.298,0.441,0.298,0.702,0.0,0.35,-4.181,0.0398,143.828,4
362,Telephone,The Fame Monster (Deluxe Edition),Lady Gaga,2009-11-05,220640,68,0.824,0.00521,0.824,0.836,0.000817,0.112,-5.903,0.0404,122.014,4
363,Crazy In Love (feat. Jay-Z),Dangerously In Love,Beyoncé,2003-06-24,236133,75,0.646,0.00249,0.646,0.77,0.0,0.0715,-6.596,0.226,99.165,4
364,Deja Vu (feat. Jay-Z),B'Day,Beyoncé,2006-09-04,239960,47,0.763,0.00677,0.763,0.728,1.22e-05,0.0915,-4.944,0.326,105.923,4
365,Halo,I AM...SASHA FIERCE,Beyoncé,2008-11-14,261640,63,0.508,0.272,0.508,0.72,0.0,0.0563,-5.908,0.0628,79.983,4
366,Run the World (Girls),4,Beyoncé,2011-06-24,236093,71,0.733,0.00496,0.733,0.899,4.72e-05,0.372,-4.237,0.143,127.086,4
367,XO,BEYONCÉ [Platinum Edition],Beyoncé,2014-11-24,215946,62,0.47,0.171,0.47,0.792,1.28e-06,0.313,-8.932,0.26,170.085,4
368,Freedom (feat. Kendrick Lamar),Lemonade,Beyoncé,2016-04-23,289760,61,0.437,0.0376,0.437,0.803,0.0,0.683,-6.412,0.305,84.378,4
369,DNA.,DAMN.,Kendrick Lamar,2017-04-14,185946,77,0.638,0.00454,0.638,0.523,0.0,0.0842,-6.664,0.357,139.913,4
370,King Kunta,To Pimp A Butterfly,Kendrick Lamar,2015-03-16,234693,73,0.884,0.00589,0.884,0.657,0.0,0.154,-4.569,0.0977,107.059,4
371,"Bitch, Don’t Kill My Vibe","good kid, m.A.A.d city",Kendrick Lamar,2012,310720,65,0.587,0.0152,0.587,0.698,0.0,0.442,-8.948,0.0943,133.954,4
372,Definition,Mos Def & Talib Kweli Are Black Star,Black Star,1998-09-29,206493,57,0.65,0.0252,0.65,0.9,0.0,0.176,-4.099,0.374,89.788,4
373,Rebirth Of Slick (Cool Like Dat),Reachin' (A New Refutation Of Time And Space),Digable Planets,1993-01-01,261266,58,0.884,0.0476,0.884,0.334,0.0588,0.107,-18.943,0.228,98.315,4
374,Vibes and Stuff,The Low End Theory,A Tribe Called Quest,1991-09-24,257826,47,0.819,0.708,0.819,0.261,0.0216,0.108,-14.406,0.181,92.348,4
375,Stem / Long Stem - Medley,Endtroducing.....,DJ Shadow,1996-09-16,467373,35,0.507,0.931,0.507,0.416,0.165,0.11,-12.838,0.0341,106.179,4
376,Faith in Strangers,Faith in Strangers,Andy Stott,2014-11-17,389186,47,0.657,0.0286,0.657,0.692,0.894,0.11,-10.121,0.0526,136.995,4
377,Vaporware 01,Plays Bee Mask,Donato Dozzy,2013-09-02,349951,33,0.362,0.72,0.362,0.603,0.983,0.407,-14.474,0.0492,130.038,3
378,Vaporware 05,Plays Bee Mask,Donato Dozzy,2013-09-02,363380,29,0.355,0.585,0.355,0.847,0.964,0.113,-13.649,0.0371,180.046,3
379,Slow Fade,Slow Fade EP,Daniel Avery,2018-01-19,328924,5,0.42,0.0788,0.42,0.535,0.922,0.0831,-14.442,0.0255,93.014,4
380,Lubricate Your Living Room,Lush Life Electronica,The Bionaut,1995-01-01,202000,13,0.714,0.068,0.714,0.673,0.85,0.116,-15.477,0.0509,120.016,4
381,Heliosphan,Selected Ambient Works 85-92,Aphex Twin,1992-02-10,293800,49,0.345,0.455,0.345,0.612,0.956,0.0854,-14.163,0.0416,130.743,4
382,Limerence,Mono No Aware,Various Artists,2017-03-17,329361,0,0.32,0.887,0.32,0.324,0.202,0.119,-16.613,0.03,182.057,3
383,In McDonalds,Untrue,Burial,2007,127000,0,0.216,0.982,0.216,0.143,0.943,0.193,-22.863,0.0405,123.202,3
384,El Hacedor De Lluvia - Original Mix,A La Izquierda Del Colibrí,Jorge Reyes,2017-07-28,299786,18,0.429,0.51,0.429,0.0968,0.949,0.117,-25.495,0.0482,180.326,3
385,Yelli,Cape Cira,K-Lone,2020-04-24,423092,25,0.808,0.123,0.808,0.652,0.58,0.0914,-10.032,0.0488,115.0,3
386,Cape Cira,Cape Cira,K-Lone,2020-04-24,377200,33,0.452,0.623,0.452,0.393,0.903,0.112,-13.736,0.0632,119.966,3
387,Du rocher,Hotel Nota,Roméo Poirier,2020-09-04,264000,14,0.221,0.938,0.221,0.406,0.927,0.103,-18.163,0.0505,89.447,4
388,The Big Sea,Fast Asleep,Funki Porcini,2002-07-29,471026,15,0.231,0.0303,0.231,0.378,0.895,0.113,-14.293,0.0343,82.778,4
389,Them That's Not - Cash Mix,What Does It All Mean? - 1983-2006 Retrospective,Steinski,2008-05-27,130120,3,0.564,0.564,0.564,0.652,6.3e-06,0.83,-13.01,0.32,95.637,4
390,Swan Lake - Beat Poets Mix,What Does It All Mean? - 1983-2006 Retrospective,Steinski,2008-05-27,186880,3,0.902,0.229,0.902,0.448,0.229,0.229,-14.914,0.247,95.974,4
391,A Night at The Nufonia,Carpal Tunnel Syndrome,Kid Koala,2000-02-01,233653,8,0.724,0.546,0.724,0.628,0.278,0.127,-8.491,0.666,78.597,4
392,Children Of Earth,4444,Sam Gendel,2017-11-17,242952,16,0.467,0.758,0.467,0.305,0.00626,0.13,-12.981,0.0579,93.595,4
393,Quarantena,Quarantena,Tenderlonious,2020-08-21,271990,19,0.506,0.404,0.506,0.431,0.107,0.108,-9.428,0.0413,102.991,4
394,Secret Senshi,Memory Tape,Desired,2017-01-09,140042,47,0.702,0.409,0.702,0.523,0.0275,0.074,-8.332,0.143,81.991,4
395,I'm So Alone,Lovestory,Desired,2017-01-08,212375,44,0.547,0.00135,0.547,0.749,7.74e-06,0.382,-4.673,0.316,129.97,4
396,Hold On,Wu Hen,Kamaal Williams,2020-07-24,200596,36,0.304,0.963,0.304,0.243,0.154,0.103,-15.443,0.0408,102.898,3
397,State Of Mind (Slack Mix) - Roza Terenzi's Slow Buck,State Of Mind (Slack Mix),Peyote Dreams,2021-01-27,338362,20,0.757,0.000901,0.757,0.644,0.839,0.111,-10.585,0.0459,115.023,4
398,Lockdown Light,Lockdown Light,Afriqua,2021-03-05,207050,8,0.732,0.568,0.732,0.56,0.12,0.129,-8.122,0.128,119.965,4
399,The Way I Feel,Doss,Doss,2014-04-29,266471,24,0.703,0.0993,0.703,0.708,0.871,0.0955,-11.344,0.0347,127.998,4
400,Delirious,Delirious,Saucy Lady,2021-02-20,283626,19,0.729,0.101,0.729,0.741,7.81e-05,0.042,-6.778,0.0503,115.991,4
401,Let's Not Start A Fight,Let's Not Start A Fight / Do Me Like That,Family Of Geniuses,2018-06-26,280500,6,0.738,0.0075,0.738,0.705,0.000482,0.143,-11.644,0.0608,115.016,4
402,I Miss You (feat. Roman),CHAM!,Macross 82-99,2015-10-21,166000,37,0.606,0.00698,0.606,0.793,0.454,0.3,-7.422,0.0318,119.986,4
403,Perfect Blue,CHAM!,Macross 82-99,2015-10-21,175462,38,0.678,0.000943,0.678,0.839,0.393,0.3,-7.614,0.0376,119.043,4
404,Take California,Decksandrumsandrockandroll 20th anniversary,Propellerheads,1998-01-01,441760,42,0.749,0.000259,0.749,0.873,0.807,0.172,-5.651,0.0571,119.833,4
405,Kelly Watch the Stars - Moog Cookbook Remix,The Remixes - Vol.1,Air,2015-06-15,340720,17,0.655,0.043,0.655,0.938,0.754,0.376,-7.079,0.0527,115.13,4
406,Cross Wind Take Off,Take Off And Landing,Yoshinori Sunahara,1998-09-25,221200,1,0.582,0.152,0.582,0.887,0.0161,0.268,-8.507,0.188,92.228,4
407,Love Dream,8bit Fever,Hi-Speed,1999-03-25,230533,1,0.715,0.0634,0.715,0.826,0.775,0.0627,-11.04,0.195,184.374,4
408,Sneakman,Jet Set Radio SEGA Original Tracks,Various Artists,2012-10-03,231129,43,0.753,0.0431,0.753,0.93,0.468,0.365,-5.274,0.142,155.015,4
409,The Concept of Love,Jet Set Radio Future SEGA Original Tracks,SEGA SOUND TEAM,2012-10-03,222014,43,0.63,0.00342,0.63,0.976,0.789,0.111,-5.564,0.0846,122.02,4
410,Shape Da Future,Jet Set Radio Future SEGA Original Tracks,SEGA SOUND TEAM,2012-10-03,229006,33,0.55,0.00128,0.55,0.98,2.42e-06,0.439,-5.409,0.0836,132.105,4
411,Pinot Noir,Buy Now,Eyeliner,2015-06-27,333433,36,0.627,0.241,0.627,0.623,0.806,0.117,-10.968,0.0331,172.661,4
412,Mammagamma - Instrumental,Eye In The Sky (Expanded Edition),The Alan Parsons Project,1982,213893,49,0.695,0.394,0.695,0.477,0.886,0.137,-12.431,0.0322,103.567,4
413,Eye In The Sky,Eye In The Sky (Expanded Edition),The Alan Parsons Project,1982,276280,69,0.823,0.562,0.823,0.417,0.00098,0.0765,-12.643,0.032,111.928,4
414,Everywhere,Tango In The Night,Fleetwood Mac,1987-04-13,222733,0,0.69,0.218,0.69,0.54,0.00657,0.115,-10.516,0.0317,114.846,4
415,More Than This,Avalon,Roxy Music,1982-05-01,270651,66,0.653,0.0508,0.653,0.666,0.0466,0.139,-7.808,0.0249,128.505,4
416,Hey Nineteen,Gaucho,Steely Dan,1980,307400,63,0.952,0.0126,0.952,0.301,0.000931,0.0387,-13.936,0.0612,119.629,4
417,The Sweetest Taboo - Remastered,The Ultimate Collection,Sade,2011-05-09,265186,47,0.718,0.19,0.718,0.913,0.0448,0.347,-6.777,0.0466,91.649,4
418,Human Nature,Thriller,Michael Jackson,1982-11-30,246040,54,0.628,0.498,0.628,0.409,0.00565,0.29,-14.348,0.0306,93.005,4
419,Blobject,SoulCity EP,Two Shell,2021-03-12,356293,21,0.549,0.303,0.549,0.762,0.851,0.0753,-11.258,0.0519,134.01,4
420,Coco tapioka:The Huge Dancer,Space Channel 5 20th Anniversary GyunGyun Selection [Original Soundtrack],Various Artists,2019-12-18,237094,12,0.674,0.0251,0.674,0.892,0.404,0.0487,-8.069,0.0614,119.882,4
421,Option:The Reporter From Sch5,Space Channel 5 20th Anniversary GyunGyun Selection [Original Soundtrack],Various Artists,2019-12-18,159865,11,0.559,0.000338,0.559,0.861,0.928,0.313,-7.692,0.0323,143.938,4
422,Mororin!monroe!:Rapid Geminis In The Monitor,Space Channel 5 20th Anniversary GyunGyun Selection [Original Soundtrack],Various Artists,2019-12-18,252228,8,0.5,0.0122,0.5,0.988,0.784,0.38,-9.359,0.055,144.0,4
423,Aquatic Ambience,Aquatic Ambience,Funk Fiction,2019-01-15,194000,47,0.654,0.232,0.654,0.477,0.9,0.587,-8.648,0.0281,150.034,4
424,The Will of the Wind,Direct,Vangelis,1988-10-31,284106,20,0.556,0.0793,0.556,0.688,0.544,0.106,-14.404,0.0408,145.447,4
425,Tutu,Tutu,Miles Davis,1986-12,316666,38,0.633,0.121,0.633,0.416,0.594,0.111,-13.802,0.0451,70.72,4
426,Perfect Way,Cupid & Psyche 85,Scritti Politti,1985-06-10,284120,42,0.72,0.104,0.72,0.64,0.0414,0.353,-11.882,0.066,104.576,4
427,Machine Gun Ibiza,Jordan: The Comeback,Prefab Sprout,1990-10-02,222960,18,0.801,0.52,0.801,0.461,1.17e-05,0.0545,-8.988,0.0416,111.75,4
428,Tinseltown in the Rain,A Walk Across the Rooftops,The Blue Nile,1984-04-30,357826,51,0.777,0.0575,0.777,0.817,1.27e-05,0.0782,-6.699,0.0346,117.7,4
429,Happiness Is Easy - 1997 Remaster,The Colour of Spring,Talk Talk,1986,390693,48,0.699,0.0214,0.699,0.407,0.0694,0.0393,-12.58,0.0548,106.948,4
430,Mayor Of Simpleton - 2001 Remaster,Oranges & Lemons,XTC,1989,238050,43,0.56,0.0208,0.56,0.966,0.000117,0.292,-4.675,0.0309,139.265,4
431,No Restrictions,Cargo,Men At Work,1983,275200,28,0.551,0.223,0.551,0.904,1.6e-05,0.104,-4.245,0.0805,98.045,4
432,Down Under,Business As Usual,Men At Work,1981-11-09,222320,67,0.739,0.129,0.739,0.459,0.0194,0.0474,-14.42,0.0294,107.115,4
433,The Whistle Song,Beyond The Mix,Frankie Knuckles,1991-01-01,417706,43,0.71,0.0344,0.71,0.616,0.225,0.0936,-16.306,0.116,120.385,4
434,I'll Take You There - Director's Cut Classic Signature Radio Version,I'll Take You There,Frankie Knuckles,2019-08-23,255259,47,0.688,0.0111,0.688,0.865,0.491,0.226,-8.77,0.0341,125.01,4
435,Dreaming Of Better Days,Soundtrack From The Duality Double-Play,Larry Heard,2005-08-15,306893,33,0.708,0.009,0.708,0.688,9.84e-06,0.227,-13.666,0.0336,117.988,4
436,Boogie Down,Dancefloor Boogie Delites,Ron Trent,2016-10-28,488135,29,0.698,0.133,0.698,0.559,0.88,0.03,-12.853,0.0461,118.0,4
437,See-Line Woman - Masters At Work Remix,Verve Remixed,Various Artists,2002-01-01,604186,33,0.706,0.456,0.706,0.652,0.119,0.114,-9.043,0.069,119.007,4
438,Daily Prayer,Up Hill Battle EP,Mr. G,2012-04-09,429402,31,0.704,0.07,0.704,0.768,0.00163,0.118,-11.171,0.0804,124.949,4
439,Ragysh,Ragysh,Todd Terje,2011-04-04,500200,36,0.806,0.00874,0.806,0.787,0.894,0.0728,-10.52,0.0727,120.01,4
440,Strandbar - Disko,Strandbar,Todd Terje,2013-06-12,527704,29,0.81,0.0543,0.81,0.949,0.957,0.155,-8.732,0.0428,121.971,4
441,Antibodies,L.A.,Tensnake,2020-10-16,200021,53,0.776,0.0336,0.776,0.814,0.0,0.109,-5.86,0.0737,118.032,4
442,Lone Swordsman,Dusting For Smoke,Daniel Avery,2020-09-01,233499,31,0.575,0.176,0.575,0.558,0.884,0.128,-13.325,0.0375,119.989,4
443,Unchained,Listen to Your Heart,Session Victim,2017-06-02,180862,38,0.663,0.405,0.663,0.518,0.942,0.0833,-16.34,0.0505,91.008,4
444,Props Vote of Gratitude,Decksandrumsandrockandroll 20th anniversary,Propellerheads,1998-01-01,307933,13,0.613,0.527,0.613,0.496,5.93e-06,0.109,-9.977,0.312,115.937,4
445,360° (Oh Yeah),Decksandrumsandrockandroll 20th anniversary,Propellerheads,1998-01-01,267973,18,0.843,0.0369,0.843,0.664,0.119,0.35,-6.87,0.254,143.776,4
446,High Noon,Pre-Emptive Strike,DJ Shadow,1998-01-13,239760,35,0.467,0.000857,0.467,0.96,0.794,0.689,-7.636,0.0412,137.865,4
447,Leave Home,Exit Planet Dust,The Chemical Brothers,1995-01-01,332788,46,0.626,0.0123,0.626,0.848,0.798,0.695,-8.691,0.0431,108.012,4
448,In Dust We Trust,Exit Planet Dust,The Chemical Brothers,1995-01-01,317400,37,0.524,1.46e-05,0.524,0.962,0.772,0.483,-7.512,0.0377,120.971,4
449,Only This Moment,The Understanding,Röyksopp,2005-06-22,235680,27,0.505,0.000162,0.505,0.943,0.0158,0.209,-6.232,0.0391,122.976,4
450,The Grid - Remixed by The Crystal Method,TRON: Legacy Reconfigured,Daft Punk,2011-01-01,267786,37,0.634,0.0283,0.634,0.798,0.546,0.1,-6.86,0.0607,125.011,4
451,Hey Big Eyes - George Clanton Remix,Hey Big Eyes (George Clanton Remix),Caroline Polachek,2020-12-08,222876,35,0.4,1.73e-05,0.4,0.969,0.606,0.952,-7.541,0.0478,88.31,4
452,With Every Heartbeat - with Kleerup - Tong and Spoon Wonderland Remix,With Every Heartbeat,Robyn,2007-01-01,434853,30,0.799,0.00389,0.799,0.497,0.781,0.065,-7.164,0.146,126.013,4
453,Music Sounds Better With You - Radio Edit,Music Sounds Better With You,Stardust,1998-07-20,260906,66,0.729,0.00128,0.729,0.662,0.208,0.305,-7.191,0.337,124.149,4
454,Children,Children (Dance Vault Mixes),Robert Miles,1996-07-11,243266,68,0.604,0.000298,0.604,0.755,0.817,0.0625,-10.761,0.0337,137.064,4
455,Take Me Away - Vocal Radio Mix,Believe,4 Strings,2003,190426,0,0.623,0.0017,0.623,0.792,0.0575,0.18,-6.991,0.0372,138.009,4
456,Love at First Sight,Love at First Sight,Kylie Minogue,2002,238868,23,0.605,0.02,0.605,0.805,0.0784,0.0538,-6.068,0.0425,124.99,4
457,Ghosts - Vincent De Moor Mix,Ghosts,Tenth Planet,2009-11-02,406046,0,0.564,0.0396,0.564,0.854,0.269,0.351,-8.339,0.0448,138.973,4
458,Drifting Away (feat. Skye) - Lange's Sunset Mix,Better Late Than Never,Lange,2008-02-25,434261,0,0.61,0.00339,0.61,0.953,0.845,0.141,-6.646,0.0538,135.963,4
459,That's The Way Love Goes,Janet,Janet Jackson,1993-05-18,265106,64,0.703,0.302,0.703,0.7,0.471,0.0718,-6.789,0.0693,97.675,4
460,Lonely,Rhythm Nation 1814,Janet Jackson,1989-09-19,299066,28,0.54,0.449,0.54,0.624,0.0343,0.326,-10.89,0.0349,165.6,4
461,Come Back To Me,Rhythm Nation 1814,Janet Jackson,1989-09-19,332741,43,0.428,0.626,0.428,0.409,0.00961,0.138,-12.346,0.0271,77.906,4
462,The Boy Is Mine,Never Say Never,Brandy,1998-05-29,294786,66,0.704,0.539,0.704,0.707,0.00106,0.318,-6.537,0.0391,93.145,4
463,Don't Take It Personal (Just One of Dem Days),Miss Thang,Monica,1995-07-18,258466,55,0.731,0.00864,0.731,0.355,5.14e-05,0.0579,-12.741,0.0603,175.72,4
464,Return of the Mack,Return of the Mack,Mark Morrison,1996-04-22,213093,72,0.715,0.00631,0.715,0.833,0.0,0.164,-5.379,0.108,95.487,4
465,California Love - Original Version,The Best of 2Pac,2Pac,2007-12-03,284480,64,0.761,0.0292,0.761,0.847,2.26e-06,0.39,-3.068,0.0417,91.519,4
466,No Diggity,Another Level,Blackstreet,1996-09-09,304600,75,0.867,0.303,0.867,0.646,0.0,0.279,-4.674,0.288,88.634,4
467,Fantasy,Daydream,Mariah Carey,1995-09-26,243493,73,0.669,0.139,0.669,0.727,0.0,0.123,-7.588,0.0353,102.322,4
468,Mo Money Mo Problems (feat. Puff Daddy & Mase) - 2014 Remaster,Life After Death (2014 Remastered Edition),The Notorious B.I.G.,1997-03-04,257399,72,0.845,0.0128,0.845,0.884,2.1e-06,0.203,-4.506,0.0759,104.536,4
469,I Wanna Sex You Up - Single Mix,C.M.B.,Color Me Badd,1991-07-23,236946,59,0.551,0.00549,0.551,0.591,6.55e-06,0.0416,-8.404,0.12,201.81,4
470,Show Me Love - Radio Version,Robyn Is Here,Robyn,1995-10-13,229226,58,0.546,0.0745,0.546,0.643,0.0,0.213,-4.069,0.0437,181.838,4
471,Tom's Diner,Tom's Album,Various Artists,1991-01-01,228306,62,0.86,0.0204,0.86,0.439,0.0147,0.0465,-12.264,0.0495,99.144,4
472,Beethoven (I Love To Listen) - Remastered Version,Savage,Eurythmics,1987-11-09,293960,30,0.774,0.0682,0.774,0.859,0.0203,0.0382,-5.469,0.0744,112.508,4
473,Time To Breathe,Feeling Normal,Calibre,2021-02-26,350498,30,0.734,0.0937,0.734,0.542,0.798,0.0978,-8.757,0.0423,139.994,4
474,Ultraviolet,DJ-Kicks: Special Request,Special Request,2021-03-19,414476,0,0.776,0.266,0.776,0.957,0.848,0.147,-7.103,0.0378,123.003,4
475,Twangle Frent (Special Request Rework) - Mixed,DJ-Kicks: Special Request,Special Request,2021-03-19,271008,1,0.394,0.00213,0.394,0.965,0.888,0.336,-11.668,0.0503,142.08,4
476,Lola's Theme,Lola's Theme,The Shapeshifters,2004-01-01,207066,65,0.748,0.00083,0.748,0.845,0.000225,0.068,-4.612,0.0536,123.925,4
477,And Groove - Edit,And Groove,India Jordan,2021-03-02,205785,41,0.675,0.462,0.675,0.915,0.771,0.208,-5.889,0.0378,135.025,4
478,Premier Gaou,Premier Gaou,Francis Mercier,2021-03-15,227213,34,0.704,0.00565,0.704,0.934,0.185,0.0759,-4.725,0.0469,122.024,4
479,Ave Maria,Horse Meat Disco,Various Artists,1981,451694,0,0.647,0.00722,0.647,0.807,0.0629,0.341,-9.497,0.0415,110.987,4
480,Shinkansen,Globe Trekker: Original Journeys,Various Artists,2006-01-01,159026,6,0.609,0.00752,0.609,0.841,0.93,0.928,-15.948,0.0388,129.912,4
481,Massif (Stay Strong),Big Loada,Squarepusher,1997-07-21,387426,15,0.61,0.297,0.61,0.956,0.71,0.111,-9.355,0.0615,94.969,4
482,Beep Street,Hard Normal Daddy,Squarepusher,1997,397133,42,0.499,0.0756,0.499,0.82,0.869,0.0849,-8.835,0.0541,161.449,4
483,minipops 67 [120.2][source field mix],Syro,Aphex Twin,2014-09-19,287586,41,0.716,0.284,0.716,0.83,0.887,0.067,-7.661,0.0395,120.194,4
484,Baby,Sixteen Oceans,Four Tet,2020-03-13,264464,54,0.792,0.487,0.792,0.576,0.00325,0.0972,-9.947,0.248,127.066,4
485,School,Sixteen Oceans,Four Tet,2020-03-13,242081,40,0.645,0.00417,0.645,0.741,0.576,0.0372,-8.488,0.0507,129.302,4
486,Like My Way,You've Got the Whole Night to Go,Logic1000,2021-01-22,253440,41,0.803,0.0258,0.803,0.581,0.84,0.0768,-8.054,0.17,125.007,4
487,Cool (Jayda G Remix),Cool (Jayda G Remix),Dua Lipa,2020-09-11,246386,40,0.808,0.0413,0.808,0.829,0.0351,0.101,-7.392,0.0663,119.988,4
488,Levitating (feat. DaBaby),Future Nostalgia,Dua Lipa,2020-03-27,203064,87,0.702,0.00883,0.702,0.825,0.0,0.0674,-3.787,0.0601,102.977,4
489,Blinding Lights,After Hours,The Weeknd,2020-03-20,200040,91,0.514,0.00146,0.514,0.73,9.54e-05,0.0897,-5.934,0.0598,171.005,4
490,Super Rich Kids,channel ORANGE,Frank Ocean,2012-07-10,304760,67,0.739,0.219,0.739,0.419,0.0,0.196,-8.241,0.0854,60.493,4
491,POWER,My Beautiful Dark Twisted Fantasy,Kanye West,2010-11-22,292093,78,0.542,0.0161,0.542,0.914,0.0,0.744,-4.747,0.113,153.993,4
492,All Of The Lights,My Beautiful Dark Twisted Fantasy,Kanye West,2010-11-22,299613,75,0.531,0.0796,0.531,0.803,1.71e-05,0.176,-3.284,0.0717,142.113,4
493,Monster,My Beautiful Dark Twisted Fantasy,Kanye West,2010-11-22,378893,71,0.628,0.00244,0.628,0.692,0.0129,0.668,-5.64,0.202,124.887,5
494,Public Service Announcement (Interlude),The Black Album,JAY-Z,2003-11-14,172600,45,0.449,0.344,0.449,0.96,1.67e-05,0.484,-1.123,0.634,177.547,4
495,Dirt Off Your Shoulder,The Black Album,JAY-Z,2003-11-14,245733,33,0.785,0.0311,0.785,0.68,5.36e-06,0.223,-6.726,0.326,163.962,4
496,Big Pimpin',Volume. 3... Life and Times of S. Carter,JAY-Z,1999-12-28,283066,67,0.88,0.168,0.88,0.814,0.00672,0.0584,-6.307,0.14,138.083,4
497,Izzo (H.O.V.A.),The Blueprint (Explicit Version),JAY-Z,2001-09-11,240626,59,0.618,0.0178,0.618,0.844,0.000126,0.0634,-4.051,0.342,84.411,4
498,Pfeifferhorn,Alpine Sequences,OK Ikumi,2012-07-30,149959,0,0.646,0.949,0.646,0.68,0.96,0.166,-10.211,0.0374,111.004,4
499,Flow,FEZ,Disasterpeace,2013-01-08,227816,3,0.544,0.921,0.544,0.488,0.854,0.0613,-12.887,0.0485,169.982,4
500,Japan - Satin Jackets Remix,Weather Remixes,Tycho,2020-12-18,237419,43,0.708,0.00721,0.708,0.771,0.164,0.277,-9.022,0.0394,92.986,4
501,"Behind the Gardens, Behind the Wall, Under the Tree...","Behind the Gardens, Behind the Wall, Under the Tree...",Andreas Vollenweider,1981-09-14,440440,43,0.518,0.598,0.518,0.663,0.434,0.0497,-8.286,0.0556,109.225,4
502,On the Beach,On the Beach,Chris Rea,1986-04-01,302426,51,0.747,0.231,0.747,0.575,0.0935,0.814,-12.017,0.0311,114.528,4
503,Les Nuits,Carboot Soul,Nightmares On Wax,1999-04-12,380626,51,0.556,0.245,0.556,0.291,0.881,0.247,-14.709,0.0311,94.635,4
504,Empire Ants (feat. Little Dragon),Plastic Beach,Gorillaz,2010-03-03,283573,64,0.601,0.181,0.601,0.772,0.0543,0.0928,-4.137,0.031,99.445,4
505,Chamakay,Cupid Deluxe,Blood Orange,2013-11-18,260106,42,0.762,0.0739,0.762,0.627,0.000358,0.0965,-8.118,0.0403,110.014,4
506,Without You,All Night / Without You,Kumail,2021-03-26,189026,3,0.807,0.0586,0.807,0.439,0.845,0.0821,-13.298,0.0728,113.031,4
507,Night/Day/Work/Home,memoryland,CFCF,2021-04-09,505018,27,0.611,0.00535,0.611,0.835,0.763,0.0965,-11.618,0.0433,136.997,4
508,Mirrorball - 2015 Remaster,Walking Wounded (Deluxe Edition),Everything But The Girl,1996-05-06,207000,19,0.789,0.116,0.789,0.474,0.0436,0.0423,-11.202,0.0333,87.414,4
509,Tracey in My Room - Lazy Dog Bootleg Vocal Mix,Like the Deserts Miss the Rain,Everything But The Girl,2002-10-21,342893,33,0.823,0.00441,0.823,0.888,0.3,0.146,-4.845,0.0824,125.002,4
510,ラビリンス (Album Mix),何度でも新しく生まれる,Mondo Grosso,2017-06-06,292865,35,0.632,0.00758,0.632,0.792,0.00289,0.216,-7.198,0.0328,121.977,4
511,Lullaby of Clubland - 2015 Remaster,Temperamental (Deluxe Edition),Everything But The Girl,1999-09-27,330586,17,0.74,0.00551,0.74,0.594,0.0501,0.0847,-10.033,0.0785,125.997,4
512,Whisper,Whisper,Himera,2019-07-26,226299,20,0.685,0.0145,0.685,0.788,0.896,0.0769,-6.184,0.0789,139.946,4
513,Translucently Happy,Liquid Colours,CFCF,2019-07-12,216000,11,0.48,0.18,0.48,0.585,0.787,0.095,-12.911,0.0328,159.966,4
514,Out by Myself,Cherushii & Maria Minerva,Cherushii,2019-02-15,236845,11,0.592,0.0301,0.592,0.884,0.71,0.087,-9.709,0.0493,125.994,4
515,In Your Eyes,Fever,Kylie Minogue,2001-10-01,197826,62,0.689,0.133,0.689,0.894,4.72e-05,0.0681,-6.342,0.0672,123.971,4
516,GBI (GERMAN BOLD ITALIC),SOUND MUSEUM,TOWA TEI,1998-05-25,419440,28,0.711,0.00066,0.711,0.741,0.872,0.0647,-10.962,0.051,126.987,4
517,Anymore (Nino's Liquid Steel Mix),Kelly's Locker,Sarah Cracknell,2000-09-11,343333,2,0.728,0.0476,0.728,0.739,0.00811,0.203,-9.306,0.052,139.864,4
518,The New Pollution,Odelay,Beck,1996,219600,0,0.677,0.0635,0.677,0.803,0.0763,0.328,-6.724,0.0296,132.08,4
519,Red Alert - Jaxx Radio Mix,The Singles,Basement Jaxx,2005-03-21,218026,58,0.648,0.0507,0.648,0.956,0.000869,0.323,-3.421,0.0497,126.845,4
520,DVNO - Radio Edit,DVNO,Justice,2008-03-24,191612,36,0.612,0.00781,0.612,0.949,0.000336,0.205,-3.056,0.347,123.984,4
521,Julian,Julian,Say Lou Lou,2013-05-06,225035,28,0.57,0.0884,0.57,0.507,0.413,0.103,-9.201,0.0365,125.961,4
522,Skate,Weather,Tycho,2019-07-12,187340,38,0.703,0.939,0.703,0.231,0.0207,0.103,-13.094,0.0338,97.07,4
523,Friday Morning,Con Todo El Mundo,Khruangbin,2018-01-26,410900,47,0.36,0.125,0.36,0.261,0.843,0.105,-13.639,0.0319,78.025,4
524,"Sans cesse, mon chéri",Miniatures de auto rhythm,Domenique Dumont,2018-10-01,247317,50,0.871,0.702,0.871,0.54,0.654,0.107,-10.385,0.0364,123.015,4
525,Flottant,III,Auscultation,2020-05-08,362565,16,0.595,0.0555,0.595,0.686,0.873,0.0904,-11.153,0.0387,110.0,5
526,Imager,Colour Theory,Akasha System,2017-06-02,337388,22,0.804,0.74,0.804,0.878,0.961,0.0919,-10.54,0.0532,122.995,3
527,U,Time Spent Away From U,DJ Seinfeld,2017-11-03,368000,45,0.721,0.0447,0.721,0.838,0.749,0.0445,-7.579,0.0428,125.999,4
528,Ngoni,Basar,Africaine 808,2016-02-19,365731,9,0.741,0.0445,0.741,0.866,0.848,0.592,-9.15,0.0417,118.004,3
529,Stoney Street,Bricolage,Amon Tobin,1997-05-19,353426,44,0.614,0.0743,0.614,0.447,0.826,0.117,-12.579,0.0475,165.051,4
530,Get Your Snack On,Supermodified,Amon Tobin,2000-05-16,261053,25,0.353,1.01e-05,0.353,0.896,0.812,0.142,-6.52,0.0551,119.771,4
531,Bridge,Permutation,Amon Tobin,1998-06-01,356240,38,0.59,0.0296,0.59,0.815,0.834,0.0992,-8.308,0.0886,99.99,5
532,Flutter,Anti,Autechre,1994-09-03,597733,19,0.604,0.351,0.604,0.673,0.0772,0.191,-10.615,0.0627,150.05,4
533,Hasty Boom Alert,Lunatic Harness,µ-Ziq,1997-01-01,315133,35,0.52,0.108,0.52,0.858,0.834,0.117,-8.718,0.0729,93.834,4
534,Town & Country,A Mineral Love,Bibio,2016-04-01,243373,43,0.714,0.503,0.714,0.689,0.00134,0.1,-6.538,0.04,95.035,4
535,As a Child,Galaxy Garden,Lone,2012-05-06,327108,22,0.37,0.0025,0.37,0.928,0.595,0.0986,-5.175,0.0548,149.883,4
536,POTIONS (feat. Dawn Richard),ZOOSPA,J-E-T-S,2019-05-24,181521,22,0.851,0.231,0.851,0.385,0.000939,0.115,-6.925,0.0467,114.442,4
537,Show You The Way,Drunk,Thundercat,2017-02-24,214554,52,0.698,0.148,0.698,0.514,0.0888,0.101,-10.325,0.0663,75.989,4
538,Sunflower (feat. Steve Lacy),Father of the Bride,Vampire Weekend,2019-05-03,137600,43,0.863,0.406,0.863,0.576,0.00824,0.139,-5.756,0.0565,100.034,4
539,Diplomat's Son,Contra,Vampire Weekend,2010-01-12,361373,45,0.504,0.209,0.504,0.815,0.0513,0.0838,-6.967,0.332,193.966,4
540,tonite,american dream,LCD Soundsystem,2017-10-06,347346,33,0.766,0.0692,0.766,0.787,0.00466,0.434,-8.284,0.0565,121.105,4
541,138,Don’t Let Get You Down,Wajatta,2020-02-28,254600,19,0.754,0.0318,0.754,0.75,0.642,0.0661,-4.755,0.0475,138.005,4
542,Got To Give It Up - Pt. 1,Boogie Nights / Music From The Original Motion Picture,Various Artists,1997-01-01,247800,45,0.856,0.0988,0.856,0.874,0.000472,0.339,-8.037,0.0401,122.416,4
543,Dance Apocalyptic,The Electric Lady,Janelle Monáe,2013-09-06,205200,44,0.578,0.261,0.578,0.777,0.00318,0.223,-7.572,0.243,205.749,4
544,Slip Away,Letter From Home,Pat Metheny Group,1989,323840,35,0.51,0.658,0.51,0.744,0.326,0.356,-9.024,0.0284,118.314,4
545,La Isla Bonita,True Blue (Reissue),Madonna,1986-06-30,242733,70,0.724,0.304,0.724,0.822,1.38e-05,0.0553,-4.374,0.0333,99.9,4
546,We Don't Need Another Hero (Thunderdome),Private Dancer (30th Anniversary Issue),Tina Turner,1984-05-29,255186,54,0.69,0.2,0.69,0.674,0.00648,0.115,-5.866,0.047,98.85,4
547,My Angel Rocks 4th & Back,My Angel Rocks 4th & Back,Jack Ward,2021-04-16,288942,3,0.764,0.000164,0.764,0.931,0.795,0.0254,-9.187,0.0441,127.015,4
548,Ascii Bot,2011 Until 2014,Percussions,2015-04-28,506920,9,0.767,0.495,0.767,0.806,0.857,0.154,-8.711,0.035,125.006,4
549,My Girls,Merriweather Post Pavilion,Animal Collective,2009-01-20,340786,53,0.508,0.256,0.508,0.953,0.0445,0.929,-6.031,0.0806,119.973,4
550,Grand Ideas - Prins Thomas Radio Edit,Where You Go I Go Too,Lindstrøm,2009-03-09,313786,3,0.633,0.0383,0.633,0.904,0.826,0.13,-11.738,0.0429,117.998,4
551,I Don't Know What I Can Save You From - Röyksopp Remix,Versus,Kings of Convenience,2001-01-01,252933,39,0.73,0.292,0.73,0.629,0.787,0.308,-11.362,0.0508,111.277,4
552,Athenia,Pioneers EP,Derek Carr,2018-08-10,400538,9,0.763,0.00113,0.763,0.764,0.934,0.108,-12.435,0.0487,129.996,4
553,Opacity,Opacity,ADR,2021-04-30,280000,2,0.423,0.318,0.423,0.543,0.0936,0.048,-9.456,0.0472,159.917,4
554,YUMEGIWA LAST BOY,A,Supercar,1997,251013,41,0.52,0.00559,0.52,0.939,0.27,0.138,-8.157,0.0391,135.351,4
555,Dark Ruins / ナンデココニいせき,Ape Escape Originape Soundtracks / サルゲッチュ・オリジサル・サウンドトラック,"Ape Escape,Soichi Terada",2011-11-18,183882,24,0.656,0.0295,0.656,0.731,0.879,0.0707,-5.051,0.0666,169.936,4
556,Drop,Point,Cornelius,2002-01-01,308386,0,0.812,0.0298,0.812,0.818,0.707,0.603,-6.814,0.0512,119.972,4
557,ベイビィ・ポータブル・ロック,THE BAND OF 20TH CENTURY: Nippon Columbia Years 1991-2001,ピチカート・ファイヴ,2019-11-06,243013,33,0.697,0.0268,0.697,0.953,0.00515,0.256,-2.929,0.0403,169.742,4
558,Glued To The Spot (Club Mix),Glued To The Spot,Cheryl Glasgow,1987-01-01,296070,23,0.705,0.291,0.705,0.819,0.151,0.055,-8.818,0.0328,106.485,4
559,Night Flight - Original,Night Flight (Lexx & Psychemagik Remixes),Quintus Project,2011-11-04,463026,39,0.569,0.229,0.569,0.892,0.827,0.333,-7.502,0.0361,93.836,4
560,Nayani,Until Dawn EP,Liston,2015-04-27,356646,8,0.6,0.458,0.6,0.538,0.648,0.0953,-14.248,0.0475,93.015,4
561,Don't You Know,Melodies,Jan Hammer Group,1977-10-17,180077,43,0.656,0.0688,0.656,0.792,0.654,0.091,-7.121,0.0478,93.804,4
562,Sunrays,Lifestyles Of The Laptop Café,The Other People Place,2001-09-03,495813,30,0.92,0.166,0.92,0.472,0.83,0.0657,-11.698,0.224,126.033,4
563,The Boy In the Bubble,Graceland (25th Anniversary Deluxe Edition),Paul Simon,1986-08-12,239693,51,0.62,0.479,0.62,0.703,0.0,0.14,-7.854,0.0836,136.155,4
564,"The Cool, Cool River",The Rhythm Of The Saints,Paul Simon,1990-10-16,273186,31,0.485,0.746,0.485,0.558,0.0121,0.125,-14.627,0.0656,114.35,5
565,Show Me the Way,Emotion (Real World Gold),Papa Wemba,1995,241506,33,0.698,0.135,0.698,0.93,5.18e-06,0.126,-7.86,0.0646,101.674,4
566,Shakin' The Tree,The Lion,Youssou N'Dour,1989-01-01,342466,27,0.626,0.13,0.626,0.619,0.125,0.0467,-12.017,0.0391,80.921,4
567,Red Rain - 2012 Remaster,So (25th Anniversary Deluxe Edition),Peter Gabriel,1986-05-19,340493,38,0.557,0.0381,0.557,0.74,8.83e-06,0.0584,-8.801,0.0344,113.451,4
568,Mothers Talk,Songs From The Big Chair,Tears For Fears,1985-02-25,306320,41,0.608,0.00379,0.608,0.92,0.00625,0.357,-11.807,0.051,119.123,4
569,Kids In America,Kim Wilde,Kim Wilde,1981,205533,68,0.557,0.0953,0.557,0.782,6.75e-06,0.118,-3.899,0.0475,159.621,4
570,Love Shack,Cosmic Thing,The B-52's,1989-06-23,320680,70,0.701,0.0544,0.701,0.803,1.54e-06,0.7,-6.786,0.0545,133.608,4
571,Estrelar,Marcos Valle,Marcos Valle,1983-01-01,313493,56,0.879,0.538,0.879,0.495,0.000333,0.0827,-10.584,0.0765,102.652,4
572,Casa forte,Maria Fumaça (Remasterizado),Banda Black Rio,1977,142013,28,0.625,0.0392,0.625,0.877,0.501,0.152,-5.245,0.0558,105.687,4
573,Aleluia,Robson Jorge e Lincoln Olivetti,Robson Jorge,2014-09-16,232880,33,0.768,0.24,0.768,0.891,0.00351,0.0531,-6.081,0.0934,108.57,4
574,Inspector Norse,It's the Arps,Todd Terje,2012-01-09,400751,57,0.912,0.074,0.912,0.781,0.762,0.348,-7.018,0.0444,119.978,4
575,"Around the World / Harder, Better, Faster, Stronger",Alive 2007,Daft Punk,2007-11-19,342626,53,0.629,0.00152,0.629,0.787,0.359,0.209,-8.399,0.0646,125.998,4
576,Burnin' / Too Long,Alive 2007,Daft Punk,2007-11-19,431506,44,0.602,0.000207,0.602,0.793,0.0476,0.686,-10.462,0.0946,127.016,4
577,One More Time / Aerodynamic,Alive 2007,Daft Punk,2007-11-19,370533,48,0.45,0.038,0.45,0.846,0.266,0.222,-9.996,0.102,124.239,4
578,"Aerodynamic Beats / Gabrielle , Forget About the World",Alive 2007,Daft Punk,2007-11-19,211760,43,0.591,0.0123,0.591,0.789,0.826,0.403,-12.041,0.0707,127.028,4
579,Two Months Off,A Hundred Days Off,Underworld,2002,548560,0,0.582,0.00211,0.582,0.896,0.728,0.0218,-9.152,0.0638,134.994,4
580,True Faith - 2015 Remaster,Singles (2016 Remaster),New Order,2005-09-30,252053,47,0.608,0.261,0.608,0.924,0.012,0.338,-5.919,0.035,117.231,4
581,Bizarre Love Triangle - Extended Dance Mix,Bizarre Love Triangle,New Order,1986,402200,30,0.703,0.00446,0.703,0.893,0.273,0.267,-8.415,0.064,118.657,4
582,"Sub-culture - 7"" Edit; 2015 Remaster",Singles (2016 Remaster),New Order,2005-09-30,206426,26,0.631,0.037,0.631,0.968,4.17e-05,0.107,-5.638,0.0641,125.385,4
583,"The Perfect Kiss - 7"" Edit; 2015 Remaster",Singles (2016 Remaster),New Order,2005-09-30,265293,26,0.607,0.0118,0.607,0.851,0.145,0.384,-7.817,0.0304,130.527,4
584,"Blue Monday '88 - 12"" Version",Brotherhood (Collector's Edition),New Order,1986-09-29,430213,32,0.693,0.000107,0.693,0.899,0.742,0.0567,-7.294,0.0336,130.425,4
585,The Long Way Home - Prins Thomas Edit,Where You Go I Go Too,Lindstrøm,2009-03-09,751840,3,0.531,0.412,0.531,0.843,0.918,0.106,-11.029,0.0438,184.594,4
586,Xtal,Selected Ambient Works 85-92,Aphex Twin,1992-02-10,293751,55,0.51,0.342,0.51,0.505,0.96,0.117,-13.053,0.0344,114.532,4
587,Olson,Music Has The Right To Children,Boards of Canada,1998-04-20,91706,51,0.223,0.937,0.223,0.0138,0.916,0.13,-32.843,0.0294,64.017,4
588,Open The Light,Music Has The Right To Children,Boards of Canada,1998-04-20,265026,35,0.221,0.526,0.221,0.104,0.939,0.116,-25.667,0.0367,106.376,5
589,Come To Dust,Tomorrow's Harvest,Boards of Canada,2013-06-10,247627,34,0.281,0.196,0.281,0.832,0.917,0.0823,-11.098,0.0593,121.688,4
590,Corsair,Geogaddi,Boards of Canada,2002-02-19,172026,31,0.15,0.934,0.15,0.122,0.833,0.0875,-22.992,0.124,69.804,5
591,Peace for Earth,Pink,Four Tet,2012-08-20,682608,24,0.406,0.954,0.406,0.306,0.9,0.145,-15.94,0.0362,120.677,4
592,#13,Selected Ambient Works Volume II,Aphex Twin,1994-03-07,440333,42,0.497,0.993,0.497,0.127,0.859,0.147,-29.508,0.051,134.902,4
593,Structures from Silence,Structures From Silence,Steve Roach,1984-07-24,1713306,28,0.161,0.968,0.161,0.0261,0.89,0.0827,-29.215,0.0385,70.507,4
